record_id,insurer_name_expected,insurer_name_in_document,policy_number_expected,policy_number_in_document,policy_type,policyholder_name,city,effective_date,expiry_date_expected,expiry_date_in_document,coverage_expected_inr,coverage_inr,premium_expected_inr,premium_inr,deductible_inr,premium_rate_percent,verification_label,anomaly_type,red_flags
REC-00001,Zenith Premier Insurance Co.,Zenith Premier Insurance Co.,POL-2026-0001,POL-2026-0001,Comprehensive Commercial Liability,Meera Kulkarni,Bengaluru,2026-04-19,2027-04-19,2027-04-19,2700000,2700000,40500,40500,25000,1.5,CONSISTENT,none,None
REC-00002,Falcon Mutual Insurance Ltd.,Falcon Mutual Insurance Ltd.,POL-2026-0002,POL-2026-0002,Industrial All-Risk Policy,,Pune,2026-04-03,2027-04-03,2027-04-03,11500000,11500000,356500,356500,50000,3.1,NEEDS_REVIEW,missing_mandatory_field,Mandatory underwriting field 'Policyholder Name' is missing.
REC-00003,Apex General Insurance Corp.,Vanguard Life & Asset Assurance,POL-2026-0003,POL-2026-0003,Comprehensive Commercial Liability,Neha Deshmukh,Kolkata,2026-03-13,2027-03-13,2027-03-13,5900000,5900000,88500,88500,10000,1.5,NEEDS_REVIEW,insurer_mismatch,Insurer identity discrepancy: Registered 'Apex General Insurance Corp.' vs Document Header 'Vanguard Life & Asset Assurance'.
REC-00004,StarGuard Indemnity Group,StarGuard Indemnity Group,POL-2026-0004,POL-2026-0004,Commercial Property Insurance,Neha Deshmukh,Kolkata,2026-01-10,2027-01-10,2025-11-26,5600000,5600000,112000,179200,50000,2.0,NEEDS_REVIEW,multiple_anomalies,Expiry date is earlier than effective date. | Document premium differs from computed schedule rate.
REC-00005,Zenith Premier Insurance Co.,Zenith Premier Insurance Co.,POL-2026-0005,POL-2026-0005,Corporate Fleet & Asset Cover,Tarun Kapoor,Ahmedabad,2026-02-17,2027-02-17,2027-02-17,2300000,2300000,96600,96600,10000,4.2,CONSISTENT,none,None
REC-00006,Apex General Insurance Corp.,Apex General Insurance Corp.,POL-2026-0006,POL-2026-0006,Comprehensive Commercial Liability,Vikram Reddy,Bengaluru,2026-02-22,2027-02-22,2027-02-22,3400000,3400000,47600,47600,10000,1.4,CONSISTENT,none,None
REC-00007,Heritage National Assurance,StarGuard Indemnity Group,POL-2026-0007,POL-2026-0007,Business Insurance,Rajesh Sharma,New Delhi,2026-04-20,2027-04-20,2027-04-20,1400000,1400000,42000,42000,50000,3.0,NEEDS_REVIEW,insurer_mismatch,Insurer identity discrepancy: Registered 'Heritage National Assurance' vs Document Header 'StarGuard Indemnity Group'.
REC-00008,StarGuard Indemnity Group,StarGuard Indemnity Group,POL-2026-0008,POL-2026-0008,Corporate Fleet & Asset Cover,Amitabh Sengupta,New Delhi,2026-02-21,2027-02-21,2027-02-21,3000000,3000000,90000,90000,5000,3.0,CONSISTENT,none,None
REC-00009,StarGuard Indemnity Group,StarGuard Indemnity Group,POL-2026-0009,POL-2026-0009,Commercial Property Insurance,Anand Rao,Ahmedabad,2026-01-18,2027-01-18,2027-01-18,5100000,5100000,137700,102000,5000,9.8,NEEDS_REVIEW,incorrect_premium_rate,Stated premium rate (9.8%) contradicts annual premium calculation.
REC-00010,Heritage National Assurance,Heritage National Assurance,POL-2026-0010,POL-2026-0010,Corporate Fleet & Asset Cover,Vikram Reddy,Ahmedabad,2026-04-27,2027-04-27,2027-04-27,2500000,2500000,92500,50000,10000,9.8,NEEDS_REVIEW,incorrect_premium_rate,Stated premium rate (9.8%) contradicts annual premium calculation.
REC-00011,Pinnacle Mutual Risk Corp.,Pinnacle Mutual Risk Corp.,POL-2026-0011,INVALID#0011-XX,Comprehensive Commercial Liability,Rohan Gupta,Chennai,2026-04-21,2027-04-21,2027-04-21,3000000,3000000,45000,45000,5000,1.5,NEEDS_REVIEW,policy_number_format_error,Policy identifier format violation: 'INVALID#0011-XX' does not match standard 'POL-YYYY-XXXX' schema.
REC-00012,BlueShield Commercial Underwriters,BlueShield Commercial Underwriters,POL-2026-0012,POL-2026-0012,Comprehensive Commercial Liability,Vikram Reddy,Pune,2026-01-05,2027-01-05,2027-01-05,2400000,2400000,33600,33600,10000,1.4,CONSISTENT,none,None
REC-00013,BlueShield Commercial Underwriters,BlueShield Commercial Underwriters,POL-2026-0013,POL-2026-0013,Business Insurance,Meera Kulkarni,Kolkata,2026-03-18,2027-03-18,2027-03-18,3900000,3900000,113100,113100,10000,2.9,CONSISTENT,none,None
REC-00014,StarGuard Indemnity Group,StarGuard Indemnity Group,POL-2026-0014,POL-2026-0014,Corporate Fleet & Asset Cover,Divya Krishnan,Kolkata,2026-04-01,2027-04-01,2027-04-01,1900000,1900000,64600,64600,25000,3.4,CONSISTENT,none,None
REC-00015,StarGuard Indemnity Group,StarGuard Indemnity Group,POL-2026-0015,POL-2026-0015,Industrial All-Risk Policy,Rohan Gupta,Ahmedabad,2026-02-09,2027-02-09,2027-02-09,8500000,8500000,221000,221000,25000,2.6,CONSISTENT,none,None
REC-00016,Zenith Premier Insurance Co.,Zenith Premier Insurance Co.,POL-2026-0016,POL-2026-0016,Corporate Fleet & Asset Cover,Anand Rao,Ahmedabad,2026-02-20,2027-02-20,2027-02-20,2500000,2500000,75000,75000,25000,3.0,CONSISTENT,none,None
REC-00017,Falcon Mutual Insurance Ltd.,Vanguard Life & Asset Assurance,POL-2026-0017,POL-2026-0017,Business Insurance,Meera Kulkarni,Hyderabad,2026-04-06,2027-04-06,2027-04-06,1300000,1300000,36400,36400,15000,2.8,NEEDS_REVIEW,insurer_mismatch,Insurer identity discrepancy: Registered 'Falcon Mutual Insurance Ltd.' vs Document Header 'Vanguard Life & Asset Assurance'.
REC-00018,Zenith Premier Insurance Co.,Zenith Premier Insurance Co.,POL-2026-0018,POL-2026-0018,Comprehensive Commercial Liability,Amitabh Sengupta,Chennai,2026-04-09,2027-04-09,2026-01-09,2000000,2000000,34000,34000,50000,1.7,NEEDS_REVIEW,invalid_expiry_date,Expiry date is earlier than effective date.
REC-00019,Zenith Premier Insurance Co.,Zenith Premier Insurance Co.,POL-2026-0019,POL-2026-0019,Commercial Property Insurance,Priya Venkatesh,Mumbai,2026-01-08,2027-01-08,2027-01-08,4500000,2700000,117000,117000,50000,2.6,NEEDS_REVIEW,coverage_mismatch,Coverage sum insured discrepancy between policy schedule and schedule of benefits.
REC-00020,Heritage National Assurance,Heritage National Assurance,POL-2026-0020,POL-2026-0020,Corporate Fleet & Asset Cover,Arjun Patel,New Delhi,2026-04-23,2027-04-23,2026-03-09,1600000,1600000,67200,107520,10000,4.2,NEEDS_REVIEW,multiple_anomalies,Expiry date is earlier than effective date. | Document premium differs from computed schedule rate.
REC-00021,Apex General Insurance Corp.,Apex General Insurance Corp.,POL-2026-0021,POL-2026-0021,Commercial Property Insurance,Neha Deshmukh,Bengaluru,2026-01-10,2027-01-10,2027-01-10,9300000,9300000,232500,232500,25000,2.5,CONSISTENT,none,None
REC-00022,StarGuard Indemnity Group,StarGuard Indemnity Group,POL-2026-0022,POL-2026-0022,Commercial Property Insurance,Priya Venkatesh,New Delhi,2026-01-23,2027-01-23,2027-01-23,5800000,5800000,156600,78300,50000,2.7,NEEDS_REVIEW,premium_mismatch,"Document premium (INR 78,300) contradicts calculated premium (INR 156,600 based on 2.7% of INR 5,800,000)."
REC-00023,Zenith Premier Insurance Co.,Zenith Premier Insurance Co.,POL-2026-0023,POL-2026-0023,Industrial All-Risk Policy,Meera Kulkarni,Pune,2026-01-17,2027-01-17,2027-01-17,11200000,11200000,268800,224000,25000,9.8,NEEDS_REVIEW,incorrect_premium_rate,Stated premium rate (9.8%) contradicts annual premium calculation.
REC-00024,Apex General Insurance Corp.,Apex General Insurance Corp.,POL-2026-0024,POL-2026-0024,Corporate Fleet & Asset Cover,Deepa Joshi,Ahmedabad,2026-02-14,2027-02-14,2027-02-14,1300000,1300000,53300,53300,15000,4.1,CONSISTENT,none,None
REC-00025,Pinnacle Mutual Risk Corp.,Pinnacle Mutual Risk Corp.,POL-2026-0025,POL-2026-0025,Corporate Fleet & Asset Cover,Meera Kulkarni,Chennai,2026-03-28,2027-03-28,2027-03-28,1500000,1500000,63000,63000,5000,4.2,CONSISTENT,none,None
REC-00026,Vanguard Life & Asset Assurance,Vanguard Life & Asset Assurance,POL-2026-0026,POL-2026-0026,Corporate Fleet & Asset Cover,Rohan Gupta,Ahmedabad,2026-04-11,2027-04-11,2027-04-11,800000,800000,29600,29600,15000,3.7,CONSISTENT,none,None
REC-00027,Heritage National Assurance,Heritage National Assurance,POL-2026-0027,POL-2026-0027,Personal Scooter Comprehensive,Kavita Nair,Pune,2026-03-11,2027-03-11,2027-03-11,1600000,1600000,68800,68800,15000,4.3,NEEDS_REVIEW,inconsistent_policy_type,Policy classification inconsistent with underwriting schedule specifications.
REC-00028,Falcon Mutual Insurance Ltd.,Falcon Mutual Insurance Ltd.,POL-2026-0028,POL-2026-0028,Industrial All-Risk Policy,Kavita Nair,Bengaluru,2026-02-24,2027-02-24,2027-02-24,8200000,8200000,213200,164000,10000,9.8,NEEDS_REVIEW,incorrect_premium_rate,Stated premium rate (9.8%) contradicts annual premium calculation.
REC-00029,Pinnacle Mutual Risk Corp.,Pinnacle Mutual Risk Corp.,POL-2026-0029,POL-2026-0029,Corporate Fleet & Asset Cover,Divya Krishnan,Bengaluru,2026-03-08,2027-03-08,2026-01-22,2000000,2000000,80000,128000,15000,4.0,NEEDS_REVIEW,multiple_anomalies,Expiry date is earlier than effective date. | Document premium differs from computed schedule rate.
REC-00030,Zenith Premier Insurance Co.,Zenith Premier Insurance Co.,POL-2026-0030,POL-2026-0030,Corporate Fleet & Asset Cover,Deepa Joshi,Kolkata,2026-03-12,2027-03-12,2027-03-12,3000000,3000000,111000,111000,15000,3.7,CONSISTENT,none,None
REC-00031,Vanguard Life & Asset Assurance,Apex General Insurance Corp.,POL-2026-0031,POL-2026-0031,Commercial Property Insurance,Arjun Patel,New Delhi,2026-03-04,2027-03-04,2027-03-04,8800000,8800000,246400,246400,10000,2.8,NEEDS_REVIEW,insurer_mismatch,Insurer identity discrepancy: Registered 'Vanguard Life & Asset Assurance' vs Document Header 'Apex General Insurance Corp.'.
REC-00032,Pinnacle Mutual Risk Corp.,Pinnacle Mutual Risk Corp.,POL-2026-0032,POL-2026-0032,Comprehensive Commercial Liability,Neha Deshmukh,Bengaluru,2026-02-10,2027-02-10,2027-02-10,2900000,2900000,46400,46400,15000,1.6,CONSISTENT,none,None
REC-00033,Falcon Mutual Insurance Ltd.,Falcon Mutual Insurance Ltd.,POL-2026-0033,POL-2026-0033,Industrial All-Risk Policy,Sunita Mehra,Chennai,2026-01-02,2027-01-02,2027-01-02,10000000,10000000,240000,240000,10000,2.4,CONSISTENT,none,None
REC-00034,Pinnacle Mutual Risk Corp.,Pinnacle Mutual Risk Corp.,POL-2026-0034,INVALID#0034-XX,Business Insurance,Divya Krishnan,Chennai,2026-04-16,2027-04-16,2027-04-16,3800000,3800000,106400,106400,5000,2.8,NEEDS_REVIEW,policy_number_format_error,Policy identifier format violation: 'INVALID#0034-XX' does not match standard 'POL-YYYY-XXXX' schema.
REC-00035,Pinnacle Mutual Risk Corp.,Pinnacle Mutual Risk Corp.,POL-2026-0035,POL-2026-0035,Business Insurance,Priya Venkatesh,Kolkata,2026-04-03,2027-04-03,2027-04-03,4600000,4600000,142600,142600,5000,3.1,CONSISTENT,none,None
REC-00036,Heritage National Assurance,Heritage National Assurance,POL-2026-0036,POL-2026-0036,Commercial Property Insurance,Neha Deshmukh,Bengaluru,2026-02-04,2027-02-04,2025-12-21,9100000,9100000,236600,378560,50000,2.6,NEEDS_REVIEW,multiple_anomalies,Expiry date is earlier than effective date. | Document premium differs from computed schedule rate.
REC-00037,BlueShield Commercial Underwriters,BlueShield Commercial Underwriters,POL-2026-0037,POL-2026-0037,Industrial All-Risk Policy,Amitabh Sengupta,Ahmedabad,2026-04-10,2027-04-10,2027-04-10,14000000,14000000,378000,378000,25000,2.7,CONSISTENT,none,None
REC-00038,Vanguard Life & Asset Assurance,Vanguard Life & Asset Assurance,POL-2026-0038,POL-2026-0038,Industrial All-Risk Policy,Rajesh Sharma,Bengaluru,2026-02-21,2027-02-21,2027-02-21,5700000,5700000,131100,131100,5000,2.3,CONSISTENT,none,None
REC-00039,Heritage National Assurance,Heritage National Assurance,POL-2026-0039,POL-2026-0039,Commercial Property Insurance,Anand Rao,Bengaluru,2026-02-01,2027-02-01,2027-02-01,7200000,7200000,165600,144000,50000,9.8,NEEDS_REVIEW,incorrect_premium_rate,Stated premium rate (9.8%) contradicts annual premium calculation.
REC-00040,Vanguard Life & Asset Assurance,Vanguard Life & Asset Assurance,POL-2026-0040,POL-2026-0040,Business Insurance,Rohan Gupta,Chennai,2026-03-23,2027-03-23,2027-03-23,3900000,3900000,101400,101400,10000,2.6,CONSISTENT,none,None
REC-00041,Vanguard Life & Asset Assurance,Vanguard Life & Asset Assurance,POL-2026-0041,POL-2026-0041,Industrial All-Risk Policy,Kavita Nair,Kolkata,2026-01-18,2027-01-18,2027-01-18,5800000,5800000,162400,162400,15000,2.8,CONSISTENT,none,None
REC-00042,Heritage National Assurance,Heritage National Assurance,POL-2026-0042,POL-2026-0042,Business Insurance,Rajesh Sharma,Hyderabad,2026-03-20,2027-03-20,2027-03-20,4600000,4600000,156400,328440,25000,3.4,NEEDS_REVIEW,premium_mismatch,"Document premium (INR 328,440) contradicts calculated premium (INR 156,400 based on 3.4% of INR 4,600,000)."
REC-00043,Vanguard Life & Asset Assurance,Vanguard Life & Asset Assurance,POL-2026-0043,POL-2026-0043,Corporate Fleet & Asset Cover,,Ahmedabad,2026-04-03,2027-04-03,2027-04-03,2700000,2700000,83700,83700,25000,3.1,NEEDS_REVIEW,missing_mandatory_field,Mandatory underwriting field 'Policyholder Name' is missing.
REC-00044,Vanguard Life & Asset Assurance,Vanguard Life & Asset Assurance,POL-2026-0044,POL-2026-0044,Business Insurance,Priya Venkatesh,New Delhi,2026-01-25,2027-01-25,2027-01-25,2700000,2700000,83700,54000,10000,9.8,NEEDS_REVIEW,incorrect_premium_rate,Stated premium rate (9.8%) contradicts annual premium calculation.
REC-00045,Pinnacle Mutual Risk Corp.,Pinnacle Mutual Risk Corp.,POL-2026-0045,POL-2026-0045,Comprehensive Commercial Liability,Anand Rao,Kolkata,2026-04-03,2027-04-03,2027-04-03,4500000,4500000,67500,67500,15000,1.5,CONSISTENT,none,None
REC-00046,Zenith Premier Insurance Co.,Zenith Premier Insurance Co.,POL-2026-0046,POL-2026-0046,Personal Scooter Comprehensive,Anand Rao,Pune,2026-04-23,2027-04-23,2027-04-23,4100000,4100000,114800,114800,25000,2.8,NEEDS_REVIEW,inconsistent_policy_type,Policy classification inconsistent with underwriting schedule specifications.
REC-00047,Falcon Mutual Insurance Ltd.,Falcon Mutual Insurance Ltd.,POL-2026-0047,POL-2026-0047,Personal Scooter Comprehensive,Priya Venkatesh,Pune,2026-03-11,2027-03-11,2027-03-11,1100000,1100000,49500,49500,25000,4.5,NEEDS_REVIEW,inconsistent_policy_type,Policy classification inconsistent with underwriting schedule specifications.
REC-00048,Falcon Mutual Insurance Ltd.,Falcon Mutual Insurance Ltd.,POL-2026-0048,POL-2026-0048,Industrial All-Risk Policy,Tarun Kapoor,Kolkata,2026-01-07,2027-01-07,2027-01-07,9600000,9600000,230400,192000,25000,9.8,NEEDS_REVIEW,incorrect_premium_rate,Stated premium rate (9.8%) contradicts annual premium calculation.
REC-00049,Falcon Mutual Insurance Ltd.,Falcon Mutual Insurance Ltd.,POL-2026-0049,POL-2026-0049,Commercial Property Insurance,Siddharth Verma,Hyderabad,2026-03-15,2027-03-15,2027-03-15,8200000,8200000,155800,155800,50000,1.9,CONSISTENT,none,None
REC-00050,BlueShield Commercial Underwriters,BlueShield Commercial Underwriters,POL-2026-0050,POL-2026-0050,Commercial Property Insurance,Neha Deshmukh,Mumbai,2026-04-03,2027-04-03,2027-04-03,4800000,4800000,134400,134400,5000,2.8,CONSISTENT,none,None
REC-00051,Pinnacle Mutual Risk Corp.,Pinnacle Mutual Risk Corp.,POL-2026-0051,POL-2026-0051,Business Insurance,Sunita Mehra,Ahmedabad,2026-03-17,2027-03-17,2027-03-17,2700000,2700000,78300,78300,25000,2.9,CONSISTENT,none,None
REC-00052,Pinnacle Mutual Risk Corp.,Pinnacle Mutual Risk Corp.,POL-2026-0052,POL-2026-0052,Commercial Property Insurance,Tarun Kapoor,Hyderabad,2026-04-07,2027-04-07,2027-04-07,9600000,9600000,220800,220800,10000,2.3,CONSISTENT,none,None
REC-00053,Apex General Insurance Corp.,Apex General Insurance Corp.,POL-2026-0053,POL-2026-0053,Comprehensive Commercial Liability,Meera Kulkarni,Pune,2026-03-27,2027-03-27,2026-02-10,1500000,1500000,22500,36000,15000,1.5,NEEDS_REVIEW,multiple_anomalies,Expiry date is earlier than effective date. | Document premium differs from computed schedule rate.
REC-00054,Pinnacle Mutual Risk Corp.,Pinnacle Mutual Risk Corp.,POL-2026-0054,POL-2026-0054,Commercial Property Insurance,Tarun Kapoor,Ahmedabad,2026-03-11,2027-03-11,2027-03-11,9000000,9000000,234000,234000,25000,2.6,CONSISTENT,none,None
REC-00055,Pinnacle Mutual Risk Corp.,Pinnacle Mutual Risk Corp.,POL-2026-0055,POL-2026-0055,Comprehensive Commercial Liability,Kavita Nair,New Delhi,2026-04-08,2027-04-08,2027-04-08,4100000,4100000,49200,49200,25000,1.2,CONSISTENT,none,None
REC-00056,StarGuard Indemnity Group,StarGuard Indemnity Group,POL-2026-0056,POL-2026-0056,Corporate Fleet & Asset Cover,Sunita Mehra,Ahmedabad,2026-01-05,2027-01-05,2027-01-05,2400000,2400000,105600,221760,15000,4.4,NEEDS_REVIEW,premium_mismatch,"Document premium (INR 221,760) contradicts calculated premium (INR 105,600 based on 4.4% of INR 2,400,000)."
REC-00057,Apex General Insurance Corp.,Apex General Insurance Corp.,POL-2026-0057,POL-2026-0057,Industrial All-Risk Policy,Tarun Kapoor,Mumbai,2026-02-14,2027-02-14,2027-02-14,14100000,14100000,394800,829080,10000,2.8,NEEDS_REVIEW,premium_mismatch,"Document premium (INR 829,080) contradicts calculated premium (INR 394,800 based on 2.8% of INR 14,100,000)."
REC-00058,Vanguard Life & Asset Assurance,Vanguard Life & Asset Assurance,POL-2026-0058,POL-2026-0058,Comprehensive Commercial Liability,Amitabh Sengupta,Bengaluru,2026-03-28,2027-03-28,2027-03-28,5800000,5800000,121800,121800,25000,2.1,CONSISTENT,none,None
REC-00059,Zenith Premier Insurance Co.,Zenith Premier Insurance Co.,POL-2026-0059,POL-2026-0059,Corporate Fleet & Asset Cover,Rajesh Sharma,Bengaluru,2026-02-21,2027-02-21,2027-02-21,2900000,2900000,127600,127600,10000,4.4,CONSISTENT,none,None
REC-00060,Apex General Insurance Corp.,Apex General Insurance Corp.,POL-2026-0060,POL-2026-0060,Corporate Fleet & Asset Cover,Arjun Patel,Bengaluru,2026-04-06,2027-04-06,2027-04-06,3000000,3000000,102000,102000,5000,3.4,CONSISTENT,none,None
REC-00061,Falcon Mutual Insurance Ltd.,Falcon Mutual Insurance Ltd.,POL-2026-0061,POL-2026-0061,Comprehensive Commercial Liability,Rajesh Sharma,Chennai,2026-03-12,2027-03-12,2027-03-12,4200000,4200000,54600,54600,50000,1.3,CONSISTENT,none,None
REC-00062,StarGuard Indemnity Group,StarGuard Indemnity Group,POL-2026-0062,POL-2026-0062,Industrial All-Risk Policy,Anand Rao,Hyderabad,2026-02-03,2027-02-03,2027-02-03,10800000,10800000,324000,324000,50000,3.0,CONSISTENT,none,None
REC-00063,BlueShield Commercial Underwriters,BlueShield Commercial Underwriters,POL-2026-0063,POL-2026-0063,Corporate Fleet & Asset Cover,Sunita Mehra,New Delhi,2026-04-21,2027-04-21,2027-04-21,1600000,1600000,59200,59200,5000,3.7,CONSISTENT,none,None
REC-00064,Pinnacle Mutual Risk Corp.,Pinnacle Mutual Risk Corp.,POL-2026-0064,INVALID#0064-XX,Comprehensive Commercial Liability,Anand Rao,Bengaluru,2026-04-12,2027-04-12,2027-04-12,5200000,5200000,78000,78000,25000,1.5,NEEDS_REVIEW,policy_number_format_error,Policy identifier format violation: 'INVALID#0064-XX' does not match standard 'POL-YYYY-XXXX' schema.
REC-00065,Pinnacle Mutual Risk Corp.,Pinnacle Mutual Risk Corp.,POL-2026-0065,POL-2026-0065,Comprehensive Commercial Liability,Kavita Nair,Kolkata,2026-04-04,2027-04-04,2027-04-04,3000000,3000000,48000,48000,15000,1.6,CONSISTENT,none,None
REC-00066,Vanguard Life & Asset Assurance,Vanguard Life & Asset Assurance,POL-2026-0066,POL-2026-0066,Comprehensive Commercial Liability,Divya Krishnan,Kolkata,2026-03-01,2027-03-01,2027-03-01,5100000,5100000,107100,107100,5000,2.1,CONSISTENT,none,None
REC-00067,Pinnacle Mutual Risk Corp.,Pinnacle Mutual Risk Corp.,POL-2026-0067,POL-2026-0067,Comprehensive Commercial Liability,Rohan Gupta,Pune,2026-02-21,2027-02-21,2027-02-21,2700000,2700000,48600,24300,10000,1.8,NEEDS_REVIEW,premium_mismatch,"Document premium (INR 24,300) contradicts calculated premium (INR 48,600 based on 1.8% of INR 2,700,000)."
REC-00068,Vanguard Life & Asset Assurance,Vanguard Life & Asset Assurance,POL-2026-0068,POL-2026-0068,Corporate Fleet & Asset Cover,Rajesh Sharma,Pune,2026-02-03,2027-02-03,2027-02-03,1700000,1020000,59500,59500,25000,3.5,NEEDS_REVIEW,coverage_mismatch,Coverage sum insured discrepancy between policy schedule and schedule of benefits.
REC-00069,Heritage National Assurance,Heritage National Assurance,POL-2026-0069,POL-2026-0069,Industrial All-Risk Policy,Deepa Joshi,Chennai,2026-02-09,2027-02-09,2027-02-09,14600000,14600000,438000,438000,25000,3.0,CONSISTENT,none,None
REC-00070,Vanguard Life & Asset Assurance,Vanguard Life & Asset Assurance,POL-2026-0070,POL-2026-0070,Comprehensive Commercial Liability,Arjun Patel,Ahmedabad,2026-01-05,2027-01-05,2027-01-05,2900000,2900000,60900,60900,25000,2.1,CONSISTENT,none,None
REC-00071,Zenith Premier Insurance Co.,Zenith Premier Insurance Co.,POL-2026-0071,POL-2026-0071,Business Insurance,Amitabh Sengupta,Mumbai,2026-03-18,2027-03-18,2027-03-18,1700000,1700000,51000,51000,15000,3.0,CONSISTENT,none,None
REC-00072,StarGuard Indemnity Group,StarGuard Indemnity Group,POL-2026-0072,POL-2026-0072,Comprehensive Commercial Liability,Arjun Patel,New Delhi,2026-04-01,2027-04-01,2027-04-01,5400000,5400000,113400,113400,50000,2.1,CONSISTENT,none,None
REC-00073,Zenith Premier Insurance Co.,Zenith Premier Insurance Co.,POL-2026-0073,POL-2026-0073,Industrial All-Risk Policy,Rohan Gupta,Bengaluru,2026-04-23,2027-04-23,2027-04-23,6800000,4080000,190400,190400,5000,2.8,NEEDS_REVIEW,coverage_mismatch,Coverage sum insured discrepancy between policy schedule and schedule of benefits.
REC-00074,Falcon Mutual Insurance Ltd.,Falcon Mutual Insurance Ltd.,POL-2026-0074,POL-2026-0074,Comprehensive Commercial Liability,,Bengaluru,2026-01-08,2027-01-08,2027-01-08,4900000,4900000,63700,63700,25000,1.3,NEEDS_REVIEW,missing_mandatory_field,Mandatory underwriting field 'Policyholder Name' is missing.
REC-00075,StarGuard Indemnity Group,StarGuard Indemnity Group,POL-2026-0075,POL-2026-0075,Industrial All-Risk Policy,Sunita Mehra,Kolkata,2026-01-27,2027-01-27,2027-01-27,9200000,9200000,248400,248400,15000,2.7,CONSISTENT,none,None
REC-00076,Falcon Mutual Insurance Ltd.,Falcon Mutual Insurance Ltd.,POL-2026-0076,POL-2026-0076,Comprehensive Commercial Liability,Kavita Nair,Ahmedabad,2026-04-08,2027-04-08,2027-04-08,3800000,3800000,49400,49400,15000,1.3,CONSISTENT,none,None
REC-00077,Zenith Premier Insurance Co.,Zenith Premier Insurance Co.,POL-2026-0077,POL-2026-0077,Business Insurance,Amitabh Sengupta,Chennai,2026-02-04,2027-02-04,2027-02-04,3900000,3900000,101400,101400,10000,2.6,CONSISTENT,none,None
REC-00078,Falcon Mutual Insurance Ltd.,Falcon Mutual Insurance Ltd.,POL-2026-0078,POL-2026-0078,Business Insurance,Vikram Reddy,New Delhi,2026-02-26,2027-02-26,2027-02-26,4600000,4600000,124200,124200,50000,2.7,CONSISTENT,none,None
REC-00079,BlueShield Commercial Underwriters,BlueShield Commercial Underwriters,POL-2026-0079,POL-2026-0079,Industrial All-Risk Policy,Kavita Nair,New Delhi,2026-03-25,2027-03-25,2027-03-25,4800000,4800000,139200,139200,50000,2.9,CONSISTENT,none,None
REC-00080,Falcon Mutual Insurance Ltd.,Falcon Mutual Insurance Ltd.,POL-2026-0080,POL-2026-0080,Comprehensive Commercial Liability,Sunita Mehra,Hyderabad,2026-03-26,2027-03-26,2027-03-26,2600000,1560000,33800,33800,5000,1.3,NEEDS_REVIEW,coverage_mismatch,Coverage sum insured discrepancy between policy schedule and schedule of benefits.
REC-00081,Zenith Premier Insurance Co.,Zenith Premier Insurance Co.,POL-2026-0081,POL-2026-0081,Commercial Property Insurance,Vikram Reddy,Mumbai,2026-02-09,2027-02-09,2027-02-09,2600000,2600000,49400,49400,25000,1.9,CONSISTENT,none,None
REC-00082,Apex General Insurance Corp.,Apex General Insurance Corp.,POL-2026-0082,POL-2026-0082,Business Insurance,Sangeeta Banerjee,Ahmedabad,2026-03-17,2027-03-17,2027-03-17,4700000,4700000,122200,122200,50000,2.6,CONSISTENT,none,None
REC-00083,BlueShield Commercial Underwriters,BlueShield Commercial Underwriters,POL-2026-0083,POL-2026-0083,Industrial All-Risk Policy,Rajesh Sharma,Chennai,2026-04-21,2027-04-21,2027-04-21,3300000,3300000,69300,69300,3350000,2.1,NEEDS_REVIEW,invalid_deductible,"Invalid deductible: INR 3,350,000 exceeds entire policy sum insured (INR 3,300,000)."
REC-00084,StarGuard Indemnity Group,StarGuard Indemnity Group,POL-2026-0084,POL-2026-0084,Business Insurance,Sangeeta Banerjee,Ahmedabad,2026-01-03,2027-01-03,2027-01-03,3000000,3000000,93000,93000,5000,3.1,CONSISTENT,none,None
REC-00085,Heritage National Assurance,Heritage National Assurance,POL-2026-0085,POL-2026-0085,Comprehensive Commercial Liability,Vikram Reddy,Kolkata,2026-03-15,2027-03-15,2027-03-15,4700000,4700000,84600,84600,5000,1.8,CONSISTENT,none,None
REC-00086,Apex General Insurance Corp.,Apex General Insurance Corp.,POL-2026-0086,POL-2026-0086,Industrial All-Risk Policy,Kavita Nair,Kolkata,2026-04-08,2027-04-08,2027-04-08,8200000,8200000,196800,196800,25000,2.4,CONSISTENT,none,None
REC-00087,StarGuard Indemnity Group,StarGuard Indemnity Group,POL-2026-0087,POL-2026-0087,Corporate Fleet & Asset Cover,Arjun Patel,Pune,2026-04-11,2027-04-11,2027-04-11,2900000,2900000,98600,98600,10000,3.4,CONSISTENT,none,None
REC-00088,Pinnacle Mutual Risk Corp.,Pinnacle Mutual Risk Corp.,POL-2026-0088,POL-2026-0088,Business Insurance,Priya Venkatesh,Bengaluru,2026-01-14,2027-01-14,2027-01-14,1600000,1600000,51200,51200,15000,3.2,CONSISTENT,none,None
REC-00089,Heritage National Assurance,Heritage National Assurance,POL-2026-0089,POL-2026-0089,Industrial All-Risk Policy,Rajesh Sharma,Pune,2026-01-14,2027-01-14,2027-01-14,7500000,7500000,225000,225000,25000,3.0,CONSISTENT,none,None
REC-00090,Falcon Mutual Insurance Ltd.,Falcon Mutual Insurance Ltd.,POL-2026-0090,POL-2026-0090,Comprehensive Commercial Liability,Neha Deshmukh,Pune,2026-01-19,2027-01-19,2027-01-19,4700000,4700000,65800,65800,25000,1.4,CONSISTENT,none,None
REC-00091,BlueShield Commercial Underwriters,BlueShield Commercial Underwriters,POL-2026-0091,POL-2026-0091,Business Insurance,Deepa Joshi,Pune,2026-01-25,2027-01-25,2027-01-25,2700000,2700000,83700,83700,25000,3.1,CONSISTENT,none,None
REC-00092,Falcon Mutual Insurance Ltd.,Falcon Mutual Insurance Ltd.,POL-2026-0092,POL-2026-0092,Industrial All-Risk Policy,Siddharth Verma,Mumbai,2026-02-09,2027-02-09,2027-02-09,11900000,11900000,345100,345100,15000,2.9,CONSISTENT,none,None
REC-00093,Zenith Premier Insurance Co.,Zenith Premier Insurance Co.,POL-2026-0093,POL-2026-0093,Business Insurance,Anand Rao,Hyderabad,2026-04-03,2027-04-03,2027-04-03,1900000,1900000,60800,85120,5000,3.2,NEEDS_REVIEW,premium_mismatch,"Document premium (INR 85,120) contradicts calculated premium (INR 60,800 based on 3.2% of INR 1,900,000)."
REC-00094,StarGuard Indemnity Group,StarGuard Indemnity Group,POL-2026-0094,POL-2026-0094,Corporate Fleet & Asset Cover,Tarun Kapoor,Pune,2026-02-12,2027-02-12,2025-12-29,1700000,1700000,69700,111520,50000,4.1,NEEDS_REVIEW,multiple_anomalies,Expiry date is earlier than effective date. | Document premium differs from computed schedule rate.
REC-00095,Apex General Insurance Corp.,Apex General Insurance Corp.,POL-2026-0095,POL-2026-0095,Business Insurance,Sunita Mehra,Hyderabad,2026-01-22,2027-01-22,2027-01-22,1500000,1500000,42000,42000,25000,2.8,CONSISTENT,none,None
REC-00096,Pinnacle Mutual Risk Corp.,Pinnacle Mutual Risk Corp.,POL-2026-0096,POL-2026-0096,Industrial All-Risk Policy,Tarun Kapoor,Kolkata,2026-03-07,2027-03-07,2027-03-07,12600000,12600000,327600,327600,12650000,2.6,NEEDS_REVIEW,invalid_deductible,"Invalid deductible: INR 12,650,000 exceeds entire policy sum insured (INR 12,600,000)."
REC-00097,Apex General Insurance Corp.,Apex General Insurance Corp.,POL-2026-0097,POL-2026-0097,Comprehensive Commercial Liability,Sangeeta Banerjee,Chennai,2026-01-08,2027-01-08,2027-01-08,4000000,4000000,88000,88000,5000,2.2,CONSISTENT,none,None
REC-00098,Falcon Mutual Insurance Ltd.,Falcon Mutual Insurance Ltd.,POL-2026-0098,POL-2026-0098,Commercial Property Insurance,Neha Deshmukh,New Delhi,2026-02-25,2027-02-25,2027-02-25,5200000,5200000,109200,109200,5000,2.1,CONSISTENT,none,None
REC-00099,Falcon Mutual Insurance Ltd.,Falcon Mutual Insurance Ltd.,POL-2026-0099,POL-2026-0099,Corporate Fleet & Asset Cover,Meera Kulkarni,Hyderabad,2026-02-13,2027-02-13,2027-02-13,2500000,2500000,102500,102500,50000,4.1,CONSISTENT,none,None
REC-00100,Zenith Premier Insurance Co.,Zenith Premier Insurance Co.,POL-2026-0100,POL-2026-0100,Business Insurance,Amitabh Sengupta,Mumbai,2026-04-01,2027-04-01,2027-04-01,3900000,3900000,132600,132600,15000,3.4,CONSISTENT,none,None
REC-00101,StarGuard Indemnity Group,StarGuard Indemnity Group,POL-2026-0101,POL-2026-0101,Industrial All-Risk Policy,Amitabh Sengupta,Kolkata,2026-03-04,2027-03-04,2027-03-04,8100000,8100000,162000,162000,15000,2.0,CONSISTENT,none,None
REC-00102,Heritage National Assurance,Heritage National Assurance,POL-2026-0102,POL-2026-0102,Industrial All-Risk Policy,Tarun Kapoor,Pune,2026-01-14,2027-01-14,2027-01-14,13800000,13800000,289800,289800,25000,2.1,CONSISTENT,none,None
REC-00103,StarGuard Indemnity Group,StarGuard Indemnity Group,POL-2026-0103,POL-2026-0103,Industrial All-Risk Policy,Priya Venkatesh,Kolkata,2026-03-24,2027-03-24,2027-03-24,7300000,7300000,167900,167900,10000,2.3,CONSISTENT,none,None
REC-00104,Apex General Insurance Corp.,Falcon Mutual Insurance Ltd.,POL-2026-0104,POL-2026-0104,Industrial All-Risk Policy,Arjun Patel,New Delhi,2026-03-12,2027-03-12,2027-03-12,12300000,12300000,381300,381300,10000,3.1,NEEDS_REVIEW,insurer_mismatch,Insurer identity discrepancy: Registered 'Apex General Insurance Corp.' vs Document Header 'Falcon Mutual Insurance Ltd.'.
REC-00105,Heritage National Assurance,Heritage National Assurance,POL-2026-0105,POL-2026-0105,Comprehensive Commercial Liability,Kavita Nair,Hyderabad,2026-02-25,2027-02-25,2027-02-25,5600000,5600000,72800,112000,25000,9.8,NEEDS_REVIEW,incorrect_premium_rate,Stated premium rate (9.8%) contradicts annual premium calculation.
REC-00106,Pinnacle Mutual Risk Corp.,Pinnacle Mutual Risk Corp.,POL-2026-0106,POL-2026-0106,Industrial All-Risk Policy,Vikram Reddy,Pune,2026-02-15,2027-02-15,2027-02-15,3800000,3800000,98800,98800,15000,2.6,CONSISTENT,none,None
REC-00107,Vanguard Life & Asset Assurance,Vanguard Life & Asset Assurance,POL-2026-0107,POL-2026-0107,Industrial All-Risk Policy,Rajesh Sharma,Pune,2026-01-10,2027-01-10,2027-01-10,8900000,8900000,222500,222500,5000,2.5,CONSISTENT,none,None
REC-00108,Zenith Premier Insurance Co.,Zenith Premier Insurance Co.,POL-2026-0108,POL-2026-0108,Comprehensive Commercial Liability,Priya Venkatesh,Bengaluru,2026-04-15,2027-04-15,2027-04-15,5200000,5200000,93600,93600,5000,1.8,CONSISTENT,none,None
REC-00109,Pinnacle Mutual Risk Corp.,Pinnacle Mutual Risk Corp.,POL-2026-0109,POL-2026-0109,Industrial All-Risk Policy,Kavita Nair,Pune,2026-04-17,2027-04-17,2027-04-17,4900000,4900000,151900,151900,25000,3.1,CONSISTENT,none,None
REC-00110,Apex General Insurance Corp.,Apex General Insurance Corp.,POL-2026-0110,POL-2026-0110,Personal Scooter Comprehensive,Priya Venkatesh,Hyderabad,2026-01-08,2027-01-08,2027-01-08,6000000,6000000,96000,96000,25000,1.6,NEEDS_REVIEW,inconsistent_policy_type,Policy classification inconsistent with underwriting schedule specifications.
REC-00111,Heritage National Assurance,Heritage National Assurance,POL-2026-0111,POL-2026-0111,Comprehensive Commercial Liability,Deepa Joshi,Chennai,2026-04-14,2027-04-14,2027-04-14,3600000,3600000,68400,68400,5000,1.9,CONSISTENT,none,None
REC-00112,Zenith Premier Insurance Co.,Zenith Premier Insurance Co.,POL-2026-0112,POL-2026-0112,Business Insurance,Vikram Reddy,Bengaluru,2026-04-10,2027-04-10,2027-04-10,2600000,2600000,83200,83200,50000,3.2,CONSISTENT,none,None
REC-00113,Heritage National Assurance,Heritage National Assurance,POL-2026-0113,POL-2026-0113,Comprehensive Commercial Liability,Priya Venkatesh,Hyderabad,2026-03-10,2027-03-10,2027-03-10,5600000,5600000,106400,106400,25000,1.9,CONSISTENT,none,None
REC-00114,Heritage National Assurance,Heritage National Assurance,POL-2026-0114,POL-2026-0114,Personal Scooter Comprehensive,Priya Venkatesh,Chennai,2026-04-21,2027-04-21,2027-04-21,13100000,13100000,314400,314400,10000,2.4,NEEDS_REVIEW,inconsistent_policy_type,Policy classification inconsistent with underwriting schedule specifications.
REC-00115,Apex General Insurance Corp.,Apex General Insurance Corp.,POL-2026-0115,POL-2026-0115,Corporate Fleet & Asset Cover,Deepa Joshi,Mumbai,2026-03-10,2027-03-10,2027-03-10,1300000,1300000,57200,26000,15000,9.8,NEEDS_REVIEW,incorrect_premium_rate,Stated premium rate (9.8%) contradicts annual premium calculation.
REC-00116,BlueShield Commercial Underwriters,BlueShield Commercial Underwriters,POL-2026-0116,POL-2026-0116,Commercial Property Insurance,Sunita Mehra,Hyderabad,2026-01-10,2027-01-10,2027-01-10,3200000,3200000,73600,73600,50000,2.3,CONSISTENT,none,None
REC-00117,Falcon Mutual Insurance Ltd.,Falcon Mutual Insurance Ltd.,POL-2026-0117,POL-2026-0117,Comprehensive Commercial Liability,Sunita Mehra,Kolkata,2026-02-06,2027-02-06,2027-02-06,2600000,2600000,52000,52000,50000,2.0,CONSISTENT,none,None
REC-00118,Heritage National Assurance,Heritage National Assurance,POL-2026-0118,POL-2026-0118,Corporate Fleet & Asset Cover,Rajesh Sharma,Kolkata,2026-03-22,2027-03-22,2026-02-05,3100000,3100000,105400,168640,25000,3.4,NEEDS_REVIEW,multiple_anomalies,Expiry date is earlier than effective date. | Document premium differs from computed schedule rate.
REC-00119,Vanguard Life & Asset Assurance,Vanguard Life & Asset Assurance,POL-2026-0119,POL-2026-0119,Corporate Fleet & Asset Cover,Rohan Gupta,New Delhi,2026-03-26,2027-03-26,2027-03-26,3300000,3300000,122100,122100,10000,3.7,CONSISTENT,none,None
REC-00120,Zenith Premier Insurance Co.,Zenith Premier Insurance Co.,POL-2026-0120,POL-2026-0120,Industrial All-Risk Policy,Tarun Kapoor,Ahmedabad,2026-03-25,2027-03-25,2027-03-25,7800000,7800000,202800,202800,25000,2.6,CONSISTENT,none,None
REC-00121,Heritage National Assurance,Heritage National Assurance,POL-2026-0121,POL-2026-0121,Commercial Property Insurance,Sunita Mehra,Chennai,2026-01-21,2027-01-21,2027-01-21,8100000,8100000,218700,109350,50000,2.7,NEEDS_REVIEW,premium_mismatch,"Document premium (INR 109,350) contradicts calculated premium (INR 218,700 based on 2.7% of INR 8,100,000)."
REC-00122,Vanguard Life & Asset Assurance,Vanguard Life & Asset Assurance,POL-2026-0122,POL-2026-0122,Business Insurance,Anand Rao,Chennai,2026-04-17,2027-04-17,2027-04-17,1900000,1900000,62700,62700,5000,3.3,CONSISTENT,none,None
REC-00123,BlueShield Commercial Underwriters,BlueShield Commercial Underwriters,POL-2026-0123,POL-2026-0123,Corporate Fleet & Asset Cover,Deepa Joshi,Mumbai,2026-04-02,2027-04-02,2027-04-02,2000000,2000000,76000,76000,10000,3.8,CONSISTENT,none,None
REC-00124,StarGuard Indemnity Group,StarGuard Indemnity Group,POL-2026-0124,POL-2026-0124,Business Insurance,Deepa Joshi,New Delhi,2026-01-11,2027-01-11,2027-01-11,1600000,1600000,52800,52800,15000,3.3,CONSISTENT,none,None
REC-00125,Heritage National Assurance,Heritage National Assurance,POL-2026-0125,POL-2026-0125,Commercial Property Insurance,Rajesh Sharma,Chennai,2026-04-23,2027-04-23,2027-04-23,3700000,3700000,96200,74000,25000,9.8,NEEDS_REVIEW,incorrect_premium_rate,Stated premium rate (9.8%) contradicts annual premium calculation.
REC-00126,Falcon Mutual Insurance Ltd.,Falcon Mutual Insurance Ltd.,POL-2026-0126,POL-2026-0126,Business Insurance,Divya Krishnan,Chennai,2026-02-27,2027-02-27,2027-02-27,1900000,1900000,57000,57000,50000,3.0,CONSISTENT,none,None
REC-00127,StarGuard Indemnity Group,StarGuard Indemnity Group,POL-2026-0127,POL-2026-0127,Business Insurance,Neha Deshmukh,New Delhi,2026-03-04,2027-03-04,2027-03-04,1300000,1300000,35100,35100,50000,2.7,CONSISTENT,none,None
REC-00128,Pinnacle Mutual Risk Corp.,Pinnacle Mutual Risk Corp.,POL-2026-0128,INVALID#0128-XX,Business Insurance,Arjun Patel,Ahmedabad,2026-01-21,2027-01-21,2027-01-21,4200000,4200000,130200,130200,10000,3.1,NEEDS_REVIEW,policy_number_format_error,Policy identifier format violation: 'INVALID#0128-XX' does not match standard 'POL-YYYY-XXXX' schema.
REC-00129,StarGuard Indemnity Group,StarGuard Indemnity Group,POL-2026-0129,POL-2026-0129,Business Insurance,Deepa Joshi,New Delhi,2026-04-06,2027-04-06,2027-04-06,1500000,1500000,45000,45000,15000,3.0,CONSISTENT,none,None
REC-00130,Apex General Insurance Corp.,Apex General Insurance Corp.,POL-2026-0130,INVALID#0130-XX,Industrial All-Risk Policy,Divya Krishnan,Kolkata,2026-04-02,2027-04-02,2027-04-02,11100000,11100000,277500,277500,15000,2.5,NEEDS_REVIEW,policy_number_format_error,Policy identifier format violation: 'INVALID#0130-XX' does not match standard 'POL-YYYY-XXXX' schema.
REC-00131,Falcon Mutual Insurance Ltd.,Falcon Mutual Insurance Ltd.,POL-2026-0131,POL-2026-0131,Comprehensive Commercial Liability,,Pune,2026-02-24,2027-02-24,2027-02-24,5700000,5700000,102600,102600,50000,1.8,NEEDS_REVIEW,missing_mandatory_field,Mandatory underwriting field 'Policyholder Name' is missing.
REC-00132,Heritage National Assurance,Heritage National Assurance,POL-2026-0132,POL-2026-0132,Business Insurance,Deepa Joshi,Pune,2026-02-27,2027-02-27,2027-02-27,3900000,2340000,136500,136500,25000,3.5,NEEDS_REVIEW,coverage_mismatch,Coverage sum insured discrepancy between policy schedule and schedule of benefits.
REC-00133,Apex General Insurance Corp.,Apex General Insurance Corp.,POL-2026-0133,POL-2026-0133,Corporate Fleet & Asset Cover,,Chennai,2026-02-02,2027-02-02,2027-02-02,3300000,3300000,108900,108900,5000,3.3,NEEDS_REVIEW,missing_mandatory_field,Mandatory underwriting field 'Policyholder Name' is missing.
REC-00134,Vanguard Life & Asset Assurance,Vanguard Life & Asset Assurance,POL-2026-0134,POL-2026-0134,Industrial All-Risk Policy,,Ahmedabad,2026-03-02,2027-03-02,2027-03-02,12600000,12600000,352800,352800,15000,2.8,NEEDS_REVIEW,missing_mandatory_field,Mandatory underwriting field 'Policyholder Name' is missing.
REC-00135,Falcon Mutual Insurance Ltd.,Falcon Mutual Insurance Ltd.,POL-2026-0135,POL-2026-0135,Comprehensive Commercial Liability,Siddharth Verma,Bengaluru,2026-03-14,2027-03-14,2027-03-14,4000000,4000000,76000,76000,25000,1.9,CONSISTENT,none,None
REC-00136,Zenith Premier Insurance Co.,Zenith Premier Insurance Co.,POL-2026-0136,POL-2026-0136,Commercial Property Insurance,Sangeeta Banerjee,Ahmedabad,2026-03-26,2027-03-26,2027-03-26,8600000,8600000,180600,180600,8650000,2.1,NEEDS_REVIEW,invalid_deductible,"Invalid deductible: INR 8,650,000 exceeds entire policy sum insured (INR 8,600,000)."
REC-00137,Apex General Insurance Corp.,Apex General Insurance Corp.,POL-2026-0137,POL-2026-0137,Corporate Fleet & Asset Cover,Anand Rao,Chennai,2026-03-04,2027-03-04,2027-03-04,1000000,1000000,35000,35000,15000,3.5,CONSISTENT,none,None
REC-00138,Vanguard Life & Asset Assurance,Vanguard Life & Asset Assurance,POL-2026-0138,POL-2026-0138,Corporate Fleet & Asset Cover,Meera Kulkarni,Hyderabad,2026-04-12,2027-04-12,2026-02-26,2200000,2200000,68200,109120,15000,3.1,NEEDS_REVIEW,multiple_anomalies,Expiry date is earlier than effective date. | Document premium differs from computed schedule rate.
REC-00139,StarGuard Indemnity Group,StarGuard Indemnity Group,POL-2026-0139,POL-2026-0139,Comprehensive Commercial Liability,Rajesh Sharma,Bengaluru,2026-04-12,2027-04-12,2027-04-12,4700000,4700000,94000,94000,10000,2.0,CONSISTENT,none,None
REC-00140,Falcon Mutual Insurance Ltd.,Falcon Mutual Insurance Ltd.,POL-2026-0140,POL-2026-0140,Commercial Property Insurance,Tarun Kapoor,Mumbai,2026-02-03,2027-02-03,2027-02-03,5000000,5000000,130000,130000,15000,2.6,CONSISTENT,none,None
REC-00141,Zenith Premier Insurance Co.,Zenith Premier Insurance Co.,POL-2026-0141,POL-2026-0141,Corporate Fleet & Asset Cover,Rajesh Sharma,Hyderabad,2026-04-12,2027-04-12,2027-04-12,1900000,1900000,70300,70300,5000,3.7,CONSISTENT,none,None
REC-00142,Heritage National Assurance,Heritage National Assurance,POL-2026-0142,POL-2026-0142,Industrial All-Risk Policy,Deepa Joshi,Kolkata,2026-03-21,2027-03-21,2027-03-21,6500000,6500000,149500,149500,5000,2.3,CONSISTENT,none,None
REC-00143,Falcon Mutual Insurance Ltd.,Falcon Mutual Insurance Ltd.,POL-2026-0143,POL-2026-0143,Commercial Property Insurance,Sangeeta Banerjee,Kolkata,2026-01-09,2027-01-09,2025-11-25,5300000,5300000,132500,212000,10000,2.5,NEEDS_REVIEW,multiple_anomalies,Expiry date is earlier than effective date. | Document premium differs from computed schedule rate.
REC-00144,Vanguard Life & Asset Assurance,Vanguard Life & Asset Assurance,POL-2026-0144,POL-2026-0144,Corporate Fleet & Asset Cover,Kavita Nair,Bengaluru,2026-02-28,2027-02-28,2027-02-28,1000000,1000000,37000,62900,25000,3.7,NEEDS_REVIEW,premium_mismatch,"Document premium (INR 62,900) contradicts calculated premium (INR 37,000 based on 3.7% of INR 1,000,000)."
REC-00145,Zenith Premier Insurance Co.,Zenith Premier Insurance Co.,POL-2026-0145,POL-2026-0145,Personal Scooter Comprehensive,Neha Deshmukh,Chennai,2026-02-23,2027-02-23,2027-02-23,5000000,5000000,135000,135000,15000,2.7,NEEDS_REVIEW,inconsistent_policy_type,Policy classification inconsistent with underwriting schedule specifications.
REC-00146,BlueShield Commercial Underwriters,BlueShield Commercial Underwriters,POL-2026-0146,POL-2026-0146,Business Insurance,Kavita Nair,Hyderabad,2026-02-26,2027-02-26,2026-01-12,4100000,4100000,102500,164000,50000,2.5,NEEDS_REVIEW,multiple_anomalies,Expiry date is earlier than effective date. | Document premium differs from computed schedule rate.
REC-00147,Zenith Premier Insurance Co.,Zenith Premier Insurance Co.,POL-2026-0147,POL-2026-0147,Corporate Fleet & Asset Cover,Sunita Mehra,Bengaluru,2026-01-10,2027-01-10,2027-01-10,2000000,2000000,90000,90000,25000,4.5,CONSISTENT,none,None
REC-00148,StarGuard Indemnity Group,StarGuard Indemnity Group,POL-2026-0148,POL-2026-0148,Corporate Fleet & Asset Cover,,Hyderabad,2026-03-21,2027-03-21,2027-03-21,1000000,1000000,37000,37000,50000,3.7,NEEDS_REVIEW,missing_mandatory_field,Mandatory underwriting field 'Policyholder Name' is missing.
REC-00149,Heritage National Assurance,Heritage National Assurance,POL-2026-0149,POL-2026-0149,Industrial All-Risk Policy,Anand Rao,Hyderabad,2026-04-17,2027-04-17,2027-04-17,14600000,14600000,438000,438000,5000,3.0,CONSISTENT,none,None
REC-00150,Heritage National Assurance,Heritage National Assurance,POL-2026-0150,POL-2026-0150,Comprehensive Commercial Liability,Anand Rao,Hyderabad,2026-03-23,2027-03-23,2027-03-23,2900000,2900000,43500,43500,50000,1.5,CONSISTENT,none,None
REC-00151,Vanguard Life & Asset Assurance,Vanguard Life & Asset Assurance,POL-2026-0151,POL-2026-0151,Business Insurance,Siddharth Verma,New Delhi,2026-03-05,2027-03-05,2027-03-05,5000000,5000000,140000,140000,50000,2.8,CONSISTENT,none,None
REC-00152,Apex General Insurance Corp.,Apex General Insurance Corp.,POL-2026-0152,POL-2026-0152,Industrial All-Risk Policy,Anand Rao,Hyderabad,2026-02-22,2027-02-22,2027-02-22,10900000,10900000,316100,316100,50000,2.9,CONSISTENT,none,None
REC-00153,Zenith Premier Insurance Co.,Pinnacle Mutual Risk Corp.,POL-2026-0153,POL-2026-0153,Industrial All-Risk Policy,Rajesh Sharma,Mumbai,2026-01-02,2027-01-02,2027-01-02,11200000,11200000,324800,324800,15000,2.9,NEEDS_REVIEW,insurer_mismatch,Insurer identity discrepancy: Registered 'Zenith Premier Insurance Co.' vs Document Header 'Pinnacle Mutual Risk Corp.'.
REC-00154,StarGuard Indemnity Group,StarGuard Indemnity Group,POL-2026-0154,POL-2026-0154,Industrial All-Risk Policy,Divya Krishnan,Ahmedabad,2026-03-21,2027-03-21,2027-03-21,6800000,6800000,176800,176800,25000,2.6,CONSISTENT,none,None
REC-00155,Vanguard Life & Asset Assurance,Vanguard Life & Asset Assurance,POL-2026-0155,POL-2026-0155,Corporate Fleet & Asset Cover,,Mumbai,2026-02-15,2027-02-15,2027-02-15,2100000,2100000,77700,77700,10000,3.7,NEEDS_REVIEW,missing_mandatory_field,Mandatory underwriting field 'Policyholder Name' is missing.
REC-00156,Heritage National Assurance,Heritage National Assurance,POL-2026-0156,POL-2026-0156,Comprehensive Commercial Liability,Vikram Reddy,Pune,2026-04-05,2027-04-05,2027-04-05,3800000,3800000,64600,64600,5000,1.7,CONSISTENT,none,None
REC-00157,Zenith Premier Insurance Co.,Zenith Premier Insurance Co.,POL-2026-0157,INVALID#0157-XX,Commercial Property Insurance,Tarun Kapoor,Bengaluru,2026-03-15,2027-03-15,2027-03-15,5100000,5100000,96900,96900,5000,1.9,NEEDS_REVIEW,policy_number_format_error,Policy identifier format violation: 'INVALID#0157-XX' does not match standard 'POL-YYYY-XXXX' schema.
REC-00158,StarGuard Indemnity Group,Pinnacle Mutual Risk Corp.,POL-2026-0158,POL-2026-0158,Industrial All-Risk Policy,Meera Kulkarni,New Delhi,2026-02-27,2027-02-27,2027-02-27,7100000,7100000,220100,220100,15000,3.1,NEEDS_REVIEW,insurer_mismatch,Insurer identity discrepancy: Registered 'StarGuard Indemnity Group' vs Document Header 'Pinnacle Mutual Risk Corp.'.
REC-00159,Heritage National Assurance,Heritage National Assurance,POL-2026-0159,POL-2026-0159,Corporate Fleet & Asset Cover,Tarun Kapoor,Ahmedabad,2026-03-16,2027-03-16,2027-03-16,800000,800000,24800,24800,25000,3.1,CONSISTENT,none,None
REC-00160,Pinnacle Mutual Risk Corp.,Pinnacle Mutual Risk Corp.,POL-2026-0160,POL-2026-0160,Commercial Property Insurance,Kavita Nair,Pune,2026-01-02,2027-01-02,2027-01-02,5600000,5600000,128800,128800,25000,2.3,CONSISTENT,none,None
REC-00161,Vanguard Life & Asset Assurance,Vanguard Life & Asset Assurance,POL-2026-0161,POL-2026-0161,Industrial All-Risk Policy,Divya Krishnan,Bengaluru,2026-04-05,2027-04-05,2027-04-05,14200000,14200000,326600,326600,15000,2.3,CONSISTENT,none,None
REC-00162,StarGuard Indemnity Group,StarGuard Indemnity Group,POL-2026-0162,INVALID#0162-XX,Comprehensive Commercial Liability,Rajesh Sharma,Kolkata,2026-01-19,2027-01-19,2027-01-19,5000000,5000000,70000,70000,50000,1.4,NEEDS_REVIEW,policy_number_format_error,Policy identifier format violation: 'INVALID#0162-XX' does not match standard 'POL-YYYY-XXXX' schema.
REC-00163,Apex General Insurance Corp.,Apex General Insurance Corp.,POL-2026-0163,POL-2026-0163,Corporate Fleet & Asset Cover,Tarun Kapoor,Chennai,2026-01-05,2027-01-05,2027-01-05,1100000,1100000,39600,39600,15000,3.6,CONSISTENT,none,None
REC-00164,Zenith Premier Insurance Co.,Zenith Premier Insurance Co.,POL-2026-0164,POL-2026-0164,Commercial Property Insurance,Kavita Nair,Kolkata,2026-01-02,2027-01-02,2027-01-02,2400000,2400000,45600,48000,15000,9.8,NEEDS_REVIEW,incorrect_premium_rate,Stated premium rate (9.8%) contradicts annual premium calculation.
REC-00165,Pinnacle Mutual Risk Corp.,Pinnacle Mutual Risk Corp.,POL-2026-0165,POL-2026-0165,Commercial Property Insurance,Sunita Mehra,Pune,2026-03-06,2027-03-06,2027-03-06,7000000,7000000,196000,196000,15000,2.8,CONSISTENT,none,None
REC-00166,Zenith Premier Insurance Co.,Zenith Premier Insurance Co.,POL-2026-0166,POL-2026-0166,Industrial All-Risk Policy,Sangeeta Banerjee,Chennai,2026-04-27,2027-04-27,2027-04-27,3200000,3200000,76800,76800,5000,2.4,CONSISTENT,none,None
REC-00167,StarGuard Indemnity Group,StarGuard Indemnity Group,POL-2026-0167,POL-2026-0167,Industrial All-Risk Policy,Neha Deshmukh,Mumbai,2026-04-09,2027-04-09,2026-02-23,11300000,11300000,327700,524320,50000,2.9,NEEDS_REVIEW,multiple_anomalies,Expiry date is earlier than effective date. | Document premium differs from computed schedule rate.
REC-00168,BlueShield Commercial Underwriters,BlueShield Commercial Underwriters,POL-2026-0168,POL-2026-0168,Business Insurance,Sangeeta Banerjee,Hyderabad,2026-04-05,2027-04-05,2027-04-05,2500000,2500000,62500,62500,5000,2.5,CONSISTENT,none,None
REC-00169,BlueShield Commercial Underwriters,BlueShield Commercial Underwriters,POL-2026-0169,POL-2026-0169,Business Insurance,Tarun Kapoor,Pune,2026-04-05,2027-04-05,2027-04-05,3600000,3600000,115200,115200,25000,3.2,CONSISTENT,none,None
REC-00170,Pinnacle Mutual Risk Corp.,Pinnacle Mutual Risk Corp.,POL-2026-0170,POL-2026-0170,Business Insurance,Sunita Mehra,New Delhi,2026-03-22,2027-03-22,2027-03-22,4000000,4000000,120000,120000,15000,3.0,CONSISTENT,none,None
REC-00171,Heritage National Assurance,Heritage National Assurance,POL-2026-0171,POL-2026-0171,Corporate Fleet & Asset Cover,Vikram Reddy,Pune,2026-03-20,2027-03-20,2027-03-20,2300000,2300000,75900,75900,10000,3.3,CONSISTENT,none,None
REC-00172,Vanguard Life & Asset Assurance,Vanguard Life & Asset Assurance,POL-2026-0172,POL-2026-0172,Industrial All-Risk Policy,Neha Deshmukh,New Delhi,2026-03-25,2027-03-25,2027-03-25,6600000,6600000,184800,184800,25000,2.8,CONSISTENT,none,None
REC-00173,Zenith Premier Insurance Co.,Zenith Premier Insurance Co.,POL-2026-0173,POL-2026-0173,Corporate Fleet & Asset Cover,Deepa Joshi,Chennai,2026-03-04,2027-03-04,2027-03-04,2600000,2600000,104000,104000,2650000,4.0,NEEDS_REVIEW,invalid_deductible,"Invalid deductible: INR 2,650,000 exceeds entire policy sum insured (INR 2,600,000)."
REC-00174,Zenith Premier Insurance Co.,Zenith Premier Insurance Co.,POL-2026-0174,POL-2026-0174,Commercial Property Insurance,Neha Deshmukh,Mumbai,2026-03-23,2027-03-23,2027-03-23,3000000,3000000,63000,63000,25000,2.1,CONSISTENT,none,None
REC-00175,Vanguard Life & Asset Assurance,Vanguard Life & Asset Assurance,POL-2026-0175,POL-2026-0175,Corporate Fleet & Asset Cover,Kavita Nair,New Delhi,2026-03-18,2027-03-18,2026-02-01,3000000,3000000,102000,163200,5000,3.4,NEEDS_REVIEW,multiple_anomalies,Expiry date is earlier than effective date. | Document premium differs from computed schedule rate.
REC-00176,BlueShield Commercial Underwriters,BlueShield Commercial Underwriters,POL-2026-0176,POL-2026-0176,Commercial Property Insurance,Rajesh Sharma,New Delhi,2026-02-02,2027-02-02,2027-02-02,3200000,3200000,70400,98560,25000,2.2,NEEDS_REVIEW,premium_mismatch,"Document premium (INR 98,560) contradicts calculated premium (INR 70,400 based on 2.2% of INR 3,200,000)."
REC-00177,Falcon Mutual Insurance Ltd.,Falcon Mutual Insurance Ltd.,POL-2026-0177,POL-2026-0177,Industrial All-Risk Policy,Anand Rao,Kolkata,2026-04-16,2027-04-16,2027-04-16,11300000,11300000,248600,248600,15000,2.2,CONSISTENT,none,None
REC-00178,Zenith Premier Insurance Co.,Zenith Premier Insurance Co.,POL-2026-0178,POL-2026-0178,Comprehensive Commercial Liability,Rajesh Sharma,Bengaluru,2026-02-18,2027-02-18,2027-02-18,1700000,1700000,35700,35700,10000,2.1,CONSISTENT,none,None
REC-00179,StarGuard Indemnity Group,StarGuard Indemnity Group,POL-2026-0179,POL-2026-0179,Commercial Property Insurance,Rajesh Sharma,Kolkata,2026-04-06,2027-04-06,2027-04-06,5700000,5700000,153900,153900,5000,2.7,CONSISTENT,none,None
REC-00180,Vanguard Life & Asset Assurance,Vanguard Life & Asset Assurance,POL-2026-0180,POL-2026-0180,Industrial All-Risk Policy,Arjun Patel,Pune,2026-03-15,2027-03-15,2027-03-15,11200000,11200000,302400,302400,25000,2.7,CONSISTENT,none,None
REC-00181,Heritage National Assurance,Heritage National Assurance,POL-2026-0181,POL-2026-0181,Industrial All-Risk Policy,Tarun Kapoor,Chennai,2026-02-26,2027-02-26,2027-02-26,4400000,4400000,105600,105600,25000,2.4,CONSISTENT,none,None
REC-00182,Vanguard Life & Asset Assurance,Vanguard Life & Asset Assurance,POL-2026-0182,POL-2026-0182,Commercial Property Insurance,Divya Krishnan,Pune,2026-03-19,2027-03-19,2027-03-19,4400000,4400000,88000,88000,4450000,2.0,NEEDS_REVIEW,invalid_deductible,"Invalid deductible: INR 4,450,000 exceeds entire policy sum insured (INR 4,400,000)."
REC-00183,Zenith Premier Insurance Co.,Zenith Premier Insurance Co.,POL-2026-0183,POL-2026-0183,Business Insurance,Amitabh Sengupta,Bengaluru,2026-02-05,2027-02-05,2027-02-05,4000000,4000000,112000,112000,10000,2.8,CONSISTENT,none,None
REC-00184,Falcon Mutual Insurance Ltd.,Falcon Mutual Insurance Ltd.,POL-2026-0184,POL-2026-0184,Comprehensive Commercial Liability,Amitabh Sengupta,New Delhi,2026-04-25,2027-04-25,2027-04-25,3200000,3200000,70400,70400,15000,2.2,CONSISTENT,none,None
REC-00185,Falcon Mutual Insurance Ltd.,Falcon Mutual Insurance Ltd.,POL-2026-0185,POL-2026-0185,Comprehensive Commercial Liability,Deepa Joshi,New Delhi,2026-01-22,2027-01-22,2027-01-22,2200000,2200000,37400,37400,10000,1.7,CONSISTENT,none,None
REC-00186,StarGuard Indemnity Group,StarGuard Indemnity Group,POL-2026-0186,POL-2026-0186,Industrial All-Risk Policy,Neha Deshmukh,Bengaluru,2026-03-12,2027-03-12,2027-03-12,10800000,10800000,248400,248400,10000,2.3,CONSISTENT,none,None
REC-00187,Pinnacle Mutual Risk Corp.,Pinnacle Mutual Risk Corp.,POL-2026-0187,POL-2026-0187,Commercial Property Insurance,Tarun Kapoor,Pune,2026-04-23,2027-04-23,2027-04-23,9000000,9000000,243000,243000,50000,2.7,CONSISTENT,none,None
REC-00188,BlueShield Commercial Underwriters,BlueShield Commercial Underwriters,POL-2026-0188,POL-2026-0188,Commercial Property Insurance,Priya Venkatesh,Ahmedabad,2026-03-03,2027-03-03,2027-03-03,9200000,9200000,174800,174800,50000,1.9,CONSISTENT,none,None
REC-00189,BlueShield Commercial Underwriters,BlueShield Commercial Underwriters,POL-2026-0189,POL-2026-0189,Industrial All-Risk Policy,Sunita Mehra,Hyderabad,2026-03-28,2027-03-28,2026-02-11,9600000,9600000,240000,384000,10000,2.5,NEEDS_REVIEW,multiple_anomalies,Expiry date is earlier than effective date. | Document premium differs from computed schedule rate.
REC-00190,Pinnacle Mutual Risk Corp.,Pinnacle Mutual Risk Corp.,POL-2026-0190,POL-2026-0190,Business Insurance,Tarun Kapoor,Mumbai,2026-04-05,2027-04-05,2026-01-30,4200000,4200000,121800,121800,50000,2.9,NEEDS_REVIEW,invalid_expiry_date,Expiry date is earlier than effective date.
REC-00191,Pinnacle Mutual Risk Corp.,Pinnacle Mutual Risk Corp.,POL-2026-0191,POL-2026-0191,Comprehensive Commercial Liability,Divya Krishnan,Kolkata,2026-03-27,2027-03-27,2027-03-27,1500000,1500000,28500,14250,50000,1.9,NEEDS_REVIEW,premium_mismatch,"Document premium (INR 14,250) contradicts calculated premium (INR 28,500 based on 1.9% of INR 1,500,000)."
REC-00192,StarGuard Indemnity Group,StarGuard Indemnity Group,POL-2026-0192,POL-2026-0192,Comprehensive Commercial Liability,Priya Venkatesh,Mumbai,2026-01-16,2027-01-16,2027-01-16,1700000,1700000,25500,25500,10000,1.5,CONSISTENT,none,None
REC-00193,Heritage National Assurance,Heritage National Assurance,POL-2026-0193,POL-2026-0193,Corporate Fleet & Asset Cover,Deepa Joshi,Kolkata,2026-04-28,2027-04-28,2027-04-28,2000000,3000000,72000,72000,50000,3.6,NEEDS_REVIEW,coverage_mismatch,Coverage sum insured discrepancy between policy schedule and schedule of benefits.
REC-00194,Apex General Insurance Corp.,Apex General Insurance Corp.,POL-2026-0194,POL-2026-0194,Commercial Property Insurance,Amitabh Sengupta,Hyderabad,2026-02-27,2027-02-27,2027-02-27,2000000,2000000,52000,52000,15000,2.6,CONSISTENT,none,None
REC-00195,Pinnacle Mutual Risk Corp.,Pinnacle Mutual Risk Corp.,POL-2026-0195,POL-2026-0195,Industrial All-Risk Policy,Meera Kulkarni,Kolkata,2026-02-08,2027-02-08,2027-02-08,8800000,8800000,211200,211200,15000,2.4,CONSISTENT,none,None
REC-00196,BlueShield Commercial Underwriters,BlueShield Commercial Underwriters,POL-2026-0196,POL-2026-0196,Business Insurance,Rajesh Sharma,Kolkata,2026-01-08,2027-01-08,2027-01-08,2300000,2300000,59800,59800,50000,2.6,CONSISTENT,none,None
REC-00197,Falcon Mutual Insurance Ltd.,Falcon Mutual Insurance Ltd.,POL-2026-0197,POL-2026-0197,Corporate Fleet & Asset Cover,Rajesh Sharma,New Delhi,2026-01-13,2027-01-13,2027-01-13,2200000,2200000,74800,74800,10000,3.4,CONSISTENT,none,None
REC-00198,Falcon Mutual Insurance Ltd.,Falcon Mutual Insurance Ltd.,POL-2026-0198,POL-2026-0198,Commercial Property Insurance,Neha Deshmukh,New Delhi,2026-03-19,2027-03-19,2027-03-19,9600000,9600000,249600,249600,15000,2.6,CONSISTENT,none,None
REC-00199,BlueShield Commercial Underwriters,BlueShield Commercial Underwriters,POL-2026-0199,POL-2026-0199,Comprehensive Commercial Liability,Sunita Mehra,New Delhi,2026-04-10,2027-04-10,2027-04-10,3200000,4800000,41600,41600,50000,1.3,NEEDS_REVIEW,coverage_mismatch,Coverage sum insured discrepancy between policy schedule and schedule of benefits.
REC-00200,Pinnacle Mutual Risk Corp.,Pinnacle Mutual Risk Corp.,POL-2026-0200,POL-2026-0200,Business Insurance,Deepa Joshi,Kolkata,2026-03-23,2027-03-23,2027-03-23,3600000,3600000,104400,104400,15000,2.9,CONSISTENT,none,None
REC-00201,StarGuard Indemnity Group,StarGuard Indemnity Group,POL-2026-0201,POL-2026-0201,Commercial Property Insurance,Sangeeta Banerjee,New Delhi,2026-02-10,2027-02-10,2027-02-10,3800000,3800000,98800,98800,5000,2.6,CONSISTENT,none,None
REC-00202,StarGuard Indemnity Group,StarGuard Indemnity Group,POL-2026-0202,POL-2026-0202,Corporate Fleet & Asset Cover,Sunita Mehra,Kolkata,2026-02-09,2027-02-09,2027-02-09,1400000,1400000,49000,49000,5000,3.5,CONSISTENT,none,None
REC-00203,Pinnacle Mutual Risk Corp.,Pinnacle Mutual Risk Corp.,POL-2026-0203,POL-2026-0203,Comprehensive Commercial Liability,Priya Venkatesh,New Delhi,2026-01-09,2027-01-09,2027-01-09,3900000,3900000,74100,74100,50000,1.9,CONSISTENT,none,None
REC-00204,Falcon Mutual Insurance Ltd.,Falcon Mutual Insurance Ltd.,POL-2026-0204,POL-2026-0204,Business Insurance,Kavita Nair,New Delhi,2026-04-07,2027-04-07,2027-04-07,3100000,3100000,86800,86800,5000,2.8,CONSISTENT,none,None
REC-00205,BlueShield Commercial Underwriters,BlueShield Commercial Underwriters,POL-2026-0205,POL-2026-0205,Commercial Property Insurance,Arjun Patel,Ahmedabad,2026-02-23,2027-02-23,2027-02-23,9700000,9700000,242500,242500,25000,2.5,CONSISTENT,none,None
REC-00206,BlueShield Commercial Underwriters,BlueShield Commercial Underwriters,POL-2026-0206,INVALID#0206-XX,Industrial All-Risk Policy,Vikram Reddy,Chennai,2026-04-15,2027-04-15,2027-04-15,9800000,9800000,274400,274400,15000,2.8,NEEDS_REVIEW,policy_number_format_error,Policy identifier format violation: 'INVALID#0206-XX' does not match standard 'POL-YYYY-XXXX' schema.
REC-00207,Zenith Premier Insurance Co.,Zenith Premier Insurance Co.,POL-2026-0207,POL-2026-0207,Industrial All-Risk Policy,Sangeeta Banerjee,Ahmedabad,2026-01-26,2027-01-26,2027-01-26,12200000,12200000,317200,317200,15000,2.6,CONSISTENT,none,None
REC-00208,BlueShield Commercial Underwriters,BlueShield Commercial Underwriters,POL-2026-0208,POL-2026-0208,Comprehensive Commercial Liability,Vikram Reddy,Kolkata,2026-01-19,2027-01-19,2027-01-19,2900000,2900000,55100,55100,5000,1.9,CONSISTENT,none,None
REC-00209,Vanguard Life & Asset Assurance,Vanguard Life & Asset Assurance,POL-2026-0209,POL-2026-0209,Industrial All-Risk Policy,Meera Kulkarni,Chennai,2026-02-07,2027-02-07,2027-02-07,7200000,7200000,165600,165600,50000,2.3,CONSISTENT,none,None
REC-00210,BlueShield Commercial Underwriters,BlueShield Commercial Underwriters,POL-2026-0210,POL-2026-0210,Corporate Fleet & Asset Cover,Vikram Reddy,Chennai,2026-04-24,2027-04-24,2027-04-24,2800000,2800000,114800,114800,25000,4.1,CONSISTENT,none,None
REC-00211,Heritage National Assurance,Heritage National Assurance,POL-2026-0211,POL-2026-0211,Comprehensive Commercial Liability,Anand Rao,Hyderabad,2026-04-06,2027-04-06,2027-04-06,4900000,4900000,107800,107800,5000,2.2,CONSISTENT,none,None
REC-00212,Falcon Mutual Insurance Ltd.,Falcon Mutual Insurance Ltd.,POL-2026-0212,POL-2026-0212,Business Insurance,Rajesh Sharma,Mumbai,2026-04-05,2027-04-05,2027-04-05,5000000,5000000,135000,135000,10000,2.7,CONSISTENT,none,None
REC-00213,Falcon Mutual Insurance Ltd.,Falcon Mutual Insurance Ltd.,POL-2026-0213,POL-2026-0213,Commercial Property Insurance,Tarun Kapoor,Pune,2026-01-20,2027-01-20,2027-01-20,9800000,9800000,264600,264600,25000,2.7,CONSISTENT,none,None
REC-00214,Falcon Mutual Insurance Ltd.,Falcon Mutual Insurance Ltd.,POL-2026-0214,POL-2026-0214,Business Insurance,Meera Kulkarni,Mumbai,2026-01-17,2027-01-17,2027-01-17,2700000,2700000,81000,81000,15000,3.0,CONSISTENT,none,None
REC-00215,Falcon Mutual Insurance Ltd.,Falcon Mutual Insurance Ltd.,POL-2026-0215,POL-2026-0215,Industrial All-Risk Policy,Meera Kulkarni,Hyderabad,2026-01-04,2027-01-04,2027-01-04,9700000,9700000,213400,213400,10000,2.2,CONSISTENT,none,None
REC-00216,Vanguard Life & Asset Assurance,Heritage National Assurance,POL-2026-0216,POL-2026-0216,Comprehensive Commercial Liability,Siddharth Verma,Kolkata,2026-01-12,2027-01-12,2027-01-12,4000000,4000000,68000,68000,10000,1.7,NEEDS_REVIEW,insurer_mismatch,Insurer identity discrepancy: Registered 'Vanguard Life & Asset Assurance' vs Document Header 'Heritage National Assurance'.
REC-00217,Apex General Insurance Corp.,Apex General Insurance Corp.,POL-2026-0217,POL-2026-0217,Business Insurance,Priya Venkatesh,Kolkata,2026-04-13,2027-04-13,2027-04-13,4500000,2700000,135000,135000,5000,3.0,NEEDS_REVIEW,coverage_mismatch,Coverage sum insured discrepancy between policy schedule and schedule of benefits.
REC-00218,Pinnacle Mutual Risk Corp.,Pinnacle Mutual Risk Corp.,POL-2026-0218,POL-2026-0218,Corporate Fleet & Asset Cover,Vikram Reddy,Bengaluru,2026-01-08,2027-01-08,2027-01-08,1400000,1400000,61600,61600,50000,4.4,CONSISTENT,none,None
REC-00219,Pinnacle Mutual Risk Corp.,Pinnacle Mutual Risk Corp.,POL-2026-0219,POL-2026-0219,Comprehensive Commercial Liability,Rajesh Sharma,Bengaluru,2026-03-18,2027-03-18,2027-03-18,5100000,5100000,96900,96900,10000,1.9,CONSISTENT,none,None
REC-00220,Zenith Premier Insurance Co.,Zenith Premier Insurance Co.,POL-2026-0220,POL-2026-0220,Business Insurance,Kavita Nair,Hyderabad,2026-04-03,2027-04-03,2027-04-03,2900000,2900000,78300,78300,10000,2.7,CONSISTENT,none,None
REC-00221,StarGuard Indemnity Group,StarGuard Indemnity Group,POL-2026-0221,POL-2026-0221,Industrial All-Risk Policy,Vikram Reddy,Kolkata,2026-02-26,2027-02-26,2027-02-26,11800000,11800000,342200,342200,50000,2.9,CONSISTENT,none,None
REC-00222,Zenith Premier Insurance Co.,Zenith Premier Insurance Co.,POL-2026-0222,POL-2026-0222,Business Insurance,Arjun Patel,Kolkata,2026-02-27,2027-02-27,2027-02-27,1400000,1400000,39200,39200,50000,2.8,CONSISTENT,none,None
REC-00223,StarGuard Indemnity Group,StarGuard Indemnity Group,POL-2026-0223,POL-2026-0223,Comprehensive Commercial Liability,Divya Krishnan,Chennai,2026-04-16,2027-04-16,2027-04-16,2900000,2900000,46400,46400,25000,1.6,CONSISTENT,none,None
REC-00224,StarGuard Indemnity Group,StarGuard Indemnity Group,POL-2026-0224,INVALID#0224-XX,Commercial Property Insurance,Amitabh Sengupta,Bengaluru,2026-03-26,2027-03-26,2027-03-26,5100000,5100000,127500,127500,5000,2.5,NEEDS_REVIEW,policy_number_format_error,Policy identifier format violation: 'INVALID#0224-XX' does not match standard 'POL-YYYY-XXXX' schema.
REC-00225,Heritage National Assurance,Heritage National Assurance,POL-2026-0225,POL-2026-0225,Corporate Fleet & Asset Cover,Sunita Mehra,Kolkata,2026-03-12,2027-03-12,2027-03-12,1100000,1100000,34100,34100,15000,3.1,CONSISTENT,none,None
REC-00226,Pinnacle Mutual Risk Corp.,Pinnacle Mutual Risk Corp.,POL-2026-0226,POL-2026-0226,Personal Scooter Comprehensive,Siddharth Verma,Bengaluru,2026-02-03,2027-02-03,2027-02-03,2600000,2600000,41600,41600,50000,1.6,NEEDS_REVIEW,inconsistent_policy_type,Policy classification inconsistent with underwriting schedule specifications.
REC-00227,StarGuard Indemnity Group,StarGuard Indemnity Group,POL-2026-0227,POL-2026-0227,Business Insurance,Divya Krishnan,Bengaluru,2026-03-18,2027-03-18,2027-03-18,1500000,1500000,46500,46500,15000,3.1,CONSISTENT,none,None
REC-00228,StarGuard Indemnity Group,StarGuard Indemnity Group,POL-2026-0228,POL-2026-0228,Business Insurance,Neha Deshmukh,Kolkata,2026-04-25,2027-04-25,2027-04-25,1500000,1500000,48000,48000,50000,3.2,CONSISTENT,none,None
REC-00229,BlueShield Commercial Underwriters,BlueShield Commercial Underwriters,POL-2026-0229,POL-2026-0229,Industrial All-Risk Policy,Anand Rao,Kolkata,2026-02-05,2027-02-05,2027-02-05,6400000,6400000,153600,153600,25000,2.4,CONSISTENT,none,None
REC-00230,Heritage National Assurance,Heritage National Assurance,POL-2026-0230,POL-2026-0230,Business Insurance,,Kolkata,2026-03-14,2027-03-14,2027-03-14,2900000,2900000,87000,87000,5000,3.0,NEEDS_REVIEW,missing_mandatory_field,Mandatory underwriting field 'Policyholder Name' is missing.
REC-00231,Vanguard Life & Asset Assurance,Vanguard Life & Asset Assurance,POL-2026-0231,POL-2026-0231,Commercial Property Insurance,,New Delhi,2026-04-04,2027-04-04,2027-04-04,3700000,3700000,77700,77700,25000,2.1,NEEDS_REVIEW,missing_mandatory_field,Mandatory underwriting field 'Policyholder Name' is missing.
REC-00232,StarGuard Indemnity Group,StarGuard Indemnity Group,POL-2026-0232,POL-2026-0232,Comprehensive Commercial Liability,Tarun Kapoor,Pune,2026-04-27,2027-04-27,2027-04-27,5600000,5600000,123200,123200,10000,2.2,CONSISTENT,none,None
REC-00233,Vanguard Life & Asset Assurance,Vanguard Life & Asset Assurance,POL-2026-0233,POL-2026-0233,Comprehensive Commercial Liability,Kavita Nair,Ahmedabad,2026-03-06,2027-03-06,2027-03-06,4000000,4000000,88000,88000,15000,2.2,CONSISTENT,none,None
REC-00234,Pinnacle Mutual Risk Corp.,Pinnacle Mutual Risk Corp.,POL-2026-0234,POL-2026-0234,Industrial All-Risk Policy,Rohan Gupta,Pune,2026-04-09,2027-04-09,2027-04-09,13400000,13400000,388600,544040,15000,2.9,NEEDS_REVIEW,premium_mismatch,"Document premium (INR 544,040) contradicts calculated premium (INR 388,600 based on 2.9% of INR 13,400,000)."
REC-00235,Heritage National Assurance,Heritage National Assurance,POL-2026-0235,POL-2026-0235,Industrial All-Risk Policy,Divya Krishnan,Ahmedabad,2026-02-15,2027-02-15,2027-02-15,13200000,13200000,303600,303600,5000,2.3,CONSISTENT,none,None
REC-00236,StarGuard Indemnity Group,StarGuard Indemnity Group,POL-2026-0236,POL-2026-0236,Corporate Fleet & Asset Cover,Sunita Mehra,Chennai,2026-02-09,2027-02-09,2027-02-09,2900000,2900000,92800,92800,25000,3.2,CONSISTENT,none,None
REC-00237,StarGuard Indemnity Group,StarGuard Indemnity Group,POL-2026-0237,POL-2026-0237,Business Insurance,Tarun Kapoor,Ahmedabad,2026-04-18,2027-04-18,2027-04-18,4200000,4200000,142800,142800,25000,3.4,CONSISTENT,none,None
REC-00238,Falcon Mutual Insurance Ltd.,Falcon Mutual Insurance Ltd.,POL-2026-0238,POL-2026-0238,Comprehensive Commercial Liability,Priya Venkatesh,Bengaluru,2026-02-22,2027-02-22,2027-02-22,5700000,5700000,91200,91200,50000,1.6,CONSISTENT,none,None
REC-00239,Falcon Mutual Insurance Ltd.,Falcon Mutual Insurance Ltd.,POL-2026-0239,POL-2026-0239,Industrial All-Risk Policy,Amitabh Sengupta,Pune,2026-04-04,2027-04-04,2027-04-04,3100000,3100000,65100,65100,10000,2.1,CONSISTENT,none,None
REC-00240,BlueShield Commercial Underwriters,BlueShield Commercial Underwriters,POL-2026-0240,POL-2026-0240,Corporate Fleet & Asset Cover,Deepa Joshi,Kolkata,2026-04-25,2027-04-25,2027-04-25,2900000,2900000,113100,113100,50000,3.9,CONSISTENT,none,None
REC-00241,Heritage National Assurance,Heritage National Assurance,POL-2026-0241,POL-2026-0241,Comprehensive Commercial Liability,Divya Krishnan,Ahmedabad,2026-01-10,2027-01-10,2027-01-10,4100000,4100000,86100,86100,5000,2.1,CONSISTENT,none,None
REC-00242,Apex General Insurance Corp.,Apex General Insurance Corp.,POL-2026-0242,POL-2026-0242,Commercial Property Insurance,Deepa Joshi,Chennai,2026-03-15,2027-03-15,2027-03-15,4600000,4600000,105800,105800,15000,2.3,CONSISTENT,none,None
REC-00243,Pinnacle Mutual Risk Corp.,Pinnacle Mutual Risk Corp.,POL-2026-0243,POL-2026-0243,Business Insurance,Tarun Kapoor,Ahmedabad,2026-03-03,2027-03-03,2027-03-03,2900000,2900000,72500,72500,5000,2.5,CONSISTENT,none,None
REC-00244,Falcon Mutual Insurance Ltd.,Falcon Mutual Insurance Ltd.,POL-2026-0244,POL-2026-0244,Comprehensive Commercial Liability,Arjun Patel,Hyderabad,2026-02-17,2027-02-17,2027-02-17,2600000,2600000,46800,46800,15000,1.8,CONSISTENT,none,None
REC-00245,StarGuard Indemnity Group,StarGuard Indemnity Group,POL-2026-0245,POL-2026-0245,Corporate Fleet & Asset Cover,Rohan Gupta,Kolkata,2026-02-06,2027-02-06,2027-02-06,2800000,2800000,112000,112000,25000,4.0,CONSISTENT,none,None
REC-00246,Falcon Mutual Insurance Ltd.,Falcon Mutual Insurance Ltd.,POL-2026-0246,POL-2026-0246,Industrial All-Risk Policy,Kavita Nair,Ahmedabad,2026-04-13,2027-04-13,2027-04-13,3000000,3000000,84000,84000,10000,2.8,CONSISTENT,none,None
REC-00247,Vanguard Life & Asset Assurance,Vanguard Life & Asset Assurance,POL-2026-0247,POL-2026-0247,Business Insurance,Arjun Patel,Hyderabad,2026-03-11,2027-03-11,2027-03-11,2200000,2200000,66000,44000,15000,9.8,NEEDS_REVIEW,incorrect_premium_rate,Stated premium rate (9.8%) contradicts annual premium calculation.
REC-00248,Zenith Premier Insurance Co.,Zenith Premier Insurance Co.,POL-2026-0248,POL-2026-0248,Industrial All-Risk Policy,Amitabh Sengupta,Kolkata,2026-01-12,2027-01-12,2027-01-12,7500000,7500000,225000,225000,50000,3.0,CONSISTENT,none,None
REC-00249,Heritage National Assurance,Heritage National Assurance,POL-2026-0249,POL-2026-0249,Comprehensive Commercial Liability,,Hyderabad,2026-03-04,2027-03-04,2027-03-04,3000000,3000000,45000,45000,10000,1.5,NEEDS_REVIEW,missing_mandatory_field,Mandatory underwriting field 'Policyholder Name' is missing.
REC-00250,Heritage National Assurance,Heritage National Assurance,POL-2026-0250,POL-2026-0250,Industrial All-Risk Policy,Amitabh Sengupta,Kolkata,2026-02-19,2027-02-19,2027-02-19,7900000,7900000,197500,197500,25000,2.5,CONSISTENT,none,None
REC-00251,Heritage National Assurance,Heritage National Assurance,POL-2026-0251,POL-2026-0251,Industrial All-Risk Policy,Anand Rao,Ahmedabad,2026-03-05,2027-03-05,2027-03-05,5300000,5300000,127200,127200,25000,2.4,CONSISTENT,none,None
REC-00252,Falcon Mutual Insurance Ltd.,Falcon Mutual Insurance Ltd.,POL-2026-0252,POL-2026-0252,Comprehensive Commercial Liability,Divya Krishnan,Ahmedabad,2026-02-07,2027-02-07,2027-02-07,3900000,3900000,85800,85800,50000,2.2,CONSISTENT,none,None
REC-00253,Pinnacle Mutual Risk Corp.,Pinnacle Mutual Risk Corp.,POL-2026-0253,POL-2026-0253,Corporate Fleet & Asset Cover,Sangeeta Banerjee,Kolkata,2026-04-16,2027-04-16,2027-04-16,1300000,1300000,40300,40300,5000,3.1,CONSISTENT,none,None
REC-00254,BlueShield Commercial Underwriters,BlueShield Commercial Underwriters,POL-2026-0254,POL-2026-0254,Comprehensive Commercial Liability,Rajesh Sharma,Chennai,2026-02-18,2027-02-18,2026-01-04,3300000,3300000,46200,73920,25000,1.4,NEEDS_REVIEW,multiple_anomalies,Expiry date is earlier than effective date. | Document premium differs from computed schedule rate.
REC-00255,Pinnacle Mutual Risk Corp.,Pinnacle Mutual Risk Corp.,POL-2026-0255,POL-2026-0255,Industrial All-Risk Policy,Arjun Patel,Bengaluru,2026-03-25,2027-03-25,2027-03-25,9900000,9900000,297000,297000,15000,3.0,CONSISTENT,none,None
REC-00256,Falcon Mutual Insurance Ltd.,Falcon Mutual Insurance Ltd.,POL-2026-0256,INVALID#0256-XX,Corporate Fleet & Asset Cover,Kavita Nair,Kolkata,2026-01-24,2027-01-24,2027-01-24,3400000,3400000,136000,136000,10000,4.0,NEEDS_REVIEW,policy_number_format_error,Policy identifier format violation: 'INVALID#0256-XX' does not match standard 'POL-YYYY-XXXX' schema.
REC-00257,Falcon Mutual Insurance Ltd.,Falcon Mutual Insurance Ltd.,POL-2026-0257,POL-2026-0257,Corporate Fleet & Asset Cover,Siddharth Verma,Pune,2026-01-15,2027-01-15,2027-01-15,3500000,3500000,157500,157500,10000,4.5,CONSISTENT,none,None
REC-00258,BlueShield Commercial Underwriters,BlueShield Commercial Underwriters,POL-2026-0258,POL-2026-0258,Industrial All-Risk Policy,Deepa Joshi,Kolkata,2026-02-20,2027-02-20,2027-02-20,4700000,4700000,136300,136300,10000,2.9,CONSISTENT,none,None
REC-00259,Falcon Mutual Insurance Ltd.,Falcon Mutual Insurance Ltd.,POL-2026-0259,POL-2026-0259,Industrial All-Risk Policy,Deepa Joshi,Chennai,2026-02-11,2027-02-11,2027-02-11,12000000,12000000,288000,288000,50000,2.4,CONSISTENT,none,None
REC-00260,Vanguard Life & Asset Assurance,Vanguard Life & Asset Assurance,POL-2026-0260,POL-2026-0260,Industrial All-Risk Policy,Arjun Patel,Hyderabad,2026-04-02,2027-04-02,2027-04-02,6500000,6500000,195000,195000,10000,3.0,CONSISTENT,none,None
REC-00261,Heritage National Assurance,Heritage National Assurance,POL-2026-0261,POL-2026-0261,Commercial Property Insurance,Sunita Mehra,Pune,2026-02-25,2027-02-25,2027-02-25,7000000,7000000,161000,161000,50000,2.3,CONSISTENT,none,None
REC-00262,Vanguard Life & Asset Assurance,Vanguard Life & Asset Assurance,POL-2026-0262,POL-2026-0262,Corporate Fleet & Asset Cover,Amitabh Sengupta,Ahmedabad,2026-01-21,2027-01-21,2027-01-21,3300000,3300000,141900,141900,5000,4.3,CONSISTENT,none,None
REC-00263,StarGuard Indemnity Group,StarGuard Indemnity Group,POL-2026-0263,POL-2026-0263,Industrial All-Risk Policy,Siddharth Verma,Pune,2026-04-16,2027-04-16,2027-04-16,7100000,7100000,191700,142000,5000,9.8,NEEDS_REVIEW,incorrect_premium_rate,Stated premium rate (9.8%) contradicts annual premium calculation.
REC-00264,Zenith Premier Insurance Co.,Zenith Premier Insurance Co.,POL-2026-0264,INVALID#0264-XX,Business Insurance,Amitabh Sengupta,New Delhi,2026-04-27,2027-04-27,2027-04-27,2300000,2300000,69000,69000,15000,3.0,NEEDS_REVIEW,policy_number_format_error,Policy identifier format violation: 'INVALID#0264-XX' does not match standard 'POL-YYYY-XXXX' schema.
REC-00265,Zenith Premier Insurance Co.,Zenith Premier Insurance Co.,POL-2026-0265,POL-2026-0265,Industrial All-Risk Policy,Sunita Mehra,Ahmedabad,2026-03-22,2027-03-22,2027-03-22,12700000,12700000,266700,266700,5000,2.1,CONSISTENT,none,None
REC-00266,Pinnacle Mutual Risk Corp.,Pinnacle Mutual Risk Corp.,POL-2026-0266,POL-2026-0266,Business Insurance,Arjun Patel,Hyderabad,2026-04-15,2027-04-15,2027-04-15,1000000,1000000,35000,35000,25000,3.5,CONSISTENT,none,None
REC-00267,BlueShield Commercial Underwriters,BlueShield Commercial Underwriters,POL-2026-0267,POL-2026-0267,Commercial Property Insurance,Neha Deshmukh,Hyderabad,2026-03-03,2027-03-03,2027-03-03,6600000,3960000,138600,138600,15000,2.1,NEEDS_REVIEW,coverage_mismatch,Coverage sum insured discrepancy between policy schedule and schedule of benefits.
REC-00268,StarGuard Indemnity Group,StarGuard Indemnity Group,POL-2026-0268,POL-2026-0268,Comprehensive Commercial Liability,Rohan Gupta,Kolkata,2026-01-23,2027-01-23,2027-01-23,2100000,2100000,25200,25200,25000,1.2,CONSISTENT,none,None
REC-00269,Apex General Insurance Corp.,Apex General Insurance Corp.,POL-2026-0269,POL-2026-0269,Commercial Property Insurance,Rohan Gupta,Ahmedabad,2026-01-01,2027-01-01,2027-01-01,6300000,9450000,163800,163800,25000,2.6,NEEDS_REVIEW,coverage_mismatch,Coverage sum insured discrepancy between policy schedule and schedule of benefits.
REC-00270,Apex General Insurance Corp.,Apex General Insurance Corp.,POL-2026-0270,POL-2026-0270,Commercial Property Insurance,Amitabh Sengupta,Bengaluru,2026-01-04,2027-01-04,2027-01-04,6000000,9000000,132000,132000,15000,2.2,NEEDS_REVIEW,coverage_mismatch,Coverage sum insured discrepancy between policy schedule and schedule of benefits.
REC-00271,Heritage National Assurance,Heritage National Assurance,POL-2026-0271,POL-2026-0271,Commercial Property Insurance,Priya Venkatesh,Mumbai,2026-02-15,2027-02-15,2027-02-15,6400000,6400000,160000,160000,10000,2.5,CONSISTENT,none,None
REC-00272,StarGuard Indemnity Group,StarGuard Indemnity Group,POL-2026-0272,POL-2026-0272,Industrial All-Risk Policy,Tarun Kapoor,New Delhi,2026-01-04,2027-01-04,2027-01-04,4700000,4700000,136300,136300,50000,2.9,CONSISTENT,none,None
REC-00273,StarGuard Indemnity Group,StarGuard Indemnity Group,POL-2026-0273,POL-2026-0273,Personal Scooter Comprehensive,Meera Kulkarni,Pune,2026-02-08,2027-02-08,2027-02-08,3200000,3200000,57600,57600,10000,1.8,NEEDS_REVIEW,inconsistent_policy_type,Policy classification inconsistent with underwriting schedule specifications.
REC-00274,Vanguard Life & Asset Assurance,Vanguard Life & Asset Assurance,POL-2026-0274,POL-2026-0274,Business Insurance,Neha Deshmukh,New Delhi,2026-02-24,2027-02-24,2027-02-24,3500000,3500000,98000,98000,5000,2.8,CONSISTENT,none,None
REC-00275,BlueShield Commercial Underwriters,BlueShield Commercial Underwriters,POL-2026-0275,POL-2026-0275,Corporate Fleet & Asset Cover,Amitabh Sengupta,Bengaluru,2026-02-16,2027-02-16,2027-02-16,2800000,2800000,109200,109200,50000,3.9,CONSISTENT,none,None
REC-00276,Falcon Mutual Insurance Ltd.,Falcon Mutual Insurance Ltd.,POL-2026-0276,POL-2026-0276,Comprehensive Commercial Liability,Vikram Reddy,Hyderabad,2026-04-28,2027-04-28,2027-04-28,5100000,7650000,81600,81600,50000,1.6,NEEDS_REVIEW,coverage_mismatch,Coverage sum insured discrepancy between policy schedule and schedule of benefits.
REC-00277,Apex General Insurance Corp.,Apex General Insurance Corp.,POL-2026-0277,POL-2026-0277,Business Insurance,Priya Venkatesh,Mumbai,2026-03-07,2027-03-07,2027-03-07,1200000,1200000,40800,40800,25000,3.4,CONSISTENT,none,None
REC-00278,Vanguard Life & Asset Assurance,Vanguard Life & Asset Assurance,POL-2026-0278,POL-2026-0278,Industrial All-Risk Policy,Meera Kulkarni,Kolkata,2026-04-03,2027-04-03,2027-04-03,11100000,16650000,288600,288600,50000,2.6,NEEDS_REVIEW,coverage_mismatch,Coverage sum insured discrepancy between policy schedule and schedule of benefits.
REC-00279,Apex General Insurance Corp.,Apex General Insurance Corp.,POL-2026-0279,POL-2026-0279,Comprehensive Commercial Liability,Priya Venkatesh,New Delhi,2026-02-18,2027-02-18,2027-02-18,3500000,3500000,56000,56000,5000,1.6,CONSISTENT,none,None
REC-00280,Vanguard Life & Asset Assurance,Vanguard Life & Asset Assurance,POL-2026-0280,POL-2026-0280,Corporate Fleet & Asset Cover,Rohan Gupta,Mumbai,2026-02-03,2027-02-03,2025-12-20,2100000,2100000,67200,107520,50000,3.2,NEEDS_REVIEW,multiple_anomalies,Expiry date is earlier than effective date. | Document premium differs from computed schedule rate.
REC-00281,Falcon Mutual Insurance Ltd.,Falcon Mutual Insurance Ltd.,POL-2026-0281,POL-2026-0281,Comprehensive Commercial Liability,Anand Rao,Bengaluru,2026-01-23,2027-01-23,2027-01-23,2300000,2300000,43700,43700,10000,1.9,CONSISTENT,none,None
REC-00282,Pinnacle Mutual Risk Corp.,Pinnacle Mutual Risk Corp.,POL-2026-0282,POL-2026-0282,Comprehensive Commercial Liability,Siddharth Verma,Hyderabad,2026-03-05,2027-03-05,2027-03-05,3200000,3200000,60800,60800,5000,1.9,CONSISTENT,none,None
REC-00283,Falcon Mutual Insurance Ltd.,Falcon Mutual Insurance Ltd.,POL-2026-0283,POL-2026-0283,Comprehensive Commercial Liability,Meera Kulkarni,Chennai,2026-01-09,2027-01-09,2027-01-09,6000000,6000000,132000,132000,5000,2.2,CONSISTENT,none,None
REC-00284,Pinnacle Mutual Risk Corp.,Pinnacle Mutual Risk Corp.,POL-2026-0284,POL-2026-0284,Corporate Fleet & Asset Cover,Deepa Joshi,Mumbai,2026-04-28,2027-04-28,2027-04-28,2600000,2600000,85800,85800,10000,3.3,CONSISTENT,none,None
REC-00285,Vanguard Life & Asset Assurance,Vanguard Life & Asset Assurance,POL-2026-0285,POL-2026-0285,Business Insurance,Arjun Patel,New Delhi,2026-01-02,2027-01-02,2027-01-02,1000000,1000000,27000,27000,25000,2.7,CONSISTENT,none,None
REC-00286,Zenith Premier Insurance Co.,Heritage National Assurance,POL-2026-0286,POL-2026-0286,Corporate Fleet & Asset Cover,Sunita Mehra,Hyderabad,2026-01-18,2027-01-18,2027-01-18,3300000,3300000,145200,145200,25000,4.4,NEEDS_REVIEW,insurer_mismatch,Insurer identity discrepancy: Registered 'Zenith Premier Insurance Co.' vs Document Header 'Heritage National Assurance'.
REC-00287,BlueShield Commercial Underwriters,BlueShield Commercial Underwriters,POL-2026-0287,POL-2026-0287,Corporate Fleet & Asset Cover,Vikram Reddy,Chennai,2026-01-19,2027-01-19,2027-01-19,1900000,1140000,60800,60800,5000,3.2,NEEDS_REVIEW,coverage_mismatch,Coverage sum insured discrepancy between policy schedule and schedule of benefits.
REC-00288,Falcon Mutual Insurance Ltd.,Falcon Mutual Insurance Ltd.,POL-2026-0288,POL-2026-0288,Corporate Fleet & Asset Cover,Priya Venkatesh,Ahmedabad,2026-03-25,2027-03-25,2027-03-25,3500000,3500000,122500,122500,5000,3.5,CONSISTENT,none,None
REC-00289,Pinnacle Mutual Risk Corp.,Pinnacle Mutual Risk Corp.,POL-2026-0289,POL-2026-0289,Business Insurance,Deepa Joshi,New Delhi,2026-03-19,2027-03-19,2027-03-19,2900000,2900000,92800,58000,10000,9.8,NEEDS_REVIEW,incorrect_premium_rate,Stated premium rate (9.8%) contradicts annual premium calculation.
REC-00290,Zenith Premier Insurance Co.,Zenith Premier Insurance Co.,POL-2026-0290,POL-2026-0290,Industrial All-Risk Policy,Sangeeta Banerjee,New Delhi,2026-02-05,2027-02-05,2027-02-05,3000000,3000000,93000,93000,5000,3.1,CONSISTENT,none,None
REC-00291,BlueShield Commercial Underwriters,BlueShield Commercial Underwriters,POL-2026-0291,POL-2026-0291,Industrial All-Risk Policy,Deepa Joshi,Mumbai,2026-03-01,2027-03-01,2027-03-01,12700000,12700000,355600,497839,15000,2.8,NEEDS_REVIEW,premium_mismatch,"Document premium (INR 497,839) contradicts calculated premium (INR 355,600 based on 2.8% of INR 12,700,000)."
REC-00292,BlueShield Commercial Underwriters,BlueShield Commercial Underwriters,POL-2026-0292,POL-2026-0292,Corporate Fleet & Asset Cover,Sangeeta Banerjee,Mumbai,2026-02-23,2027-02-23,2027-02-23,1600000,1600000,49600,49600,10000,3.1,CONSISTENT,none,None
REC-00293,StarGuard Indemnity Group,StarGuard Indemnity Group,POL-2026-0293,POL-2026-0293,Comprehensive Commercial Liability,Tarun Kapoor,Bengaluru,2026-01-17,2027-01-17,2027-01-17,2300000,2300000,41400,41400,25000,1.8,CONSISTENT,none,None
REC-00294,Apex General Insurance Corp.,Apex General Insurance Corp.,POL-2026-0294,POL-2026-0294,Industrial All-Risk Policy,Rajesh Sharma,Kolkata,2026-02-08,2027-02-08,2027-02-08,6700000,6700000,154100,154100,15000,2.3,CONSISTENT,none,None
REC-00295,StarGuard Indemnity Group,StarGuard Indemnity Group,POL-2026-0295,POL-2026-0295,Comprehensive Commercial Liability,Vikram Reddy,Ahmedabad,2026-03-08,2027-03-08,2027-03-08,1900000,1900000,39900,39900,10000,2.1,CONSISTENT,none,None
REC-00296,Apex General Insurance Corp.,Apex General Insurance Corp.,POL-2026-0296,POL-2026-0296,Commercial Property Insurance,Arjun Patel,Hyderabad,2026-04-15,2027-04-15,2027-04-15,6000000,6000000,132000,132000,50000,2.2,CONSISTENT,none,None
REC-00297,Zenith Premier Insurance Co.,Zenith Premier Insurance Co.,POL-2026-0297,POL-2026-0297,Commercial Property Insurance,Tarun Kapoor,Chennai,2026-04-09,2027-04-09,2026-02-23,3500000,3500000,66500,106400,15000,1.9,NEEDS_REVIEW,multiple_anomalies,Expiry date is earlier than effective date. | Document premium differs from computed schedule rate.
REC-00298,Falcon Mutual Insurance Ltd.,Falcon Mutual Insurance Ltd.,POL-2026-0298,POL-2026-0298,Personal Scooter Comprehensive,Vikram Reddy,Hyderabad,2026-01-23,2027-01-23,2027-01-23,5100000,5100000,142800,142800,25000,2.8,NEEDS_REVIEW,inconsistent_policy_type,Policy classification inconsistent with underwriting schedule specifications.
REC-00299,Falcon Mutual Insurance Ltd.,Falcon Mutual Insurance Ltd.,POL-2026-0299,POL-2026-0299,Comprehensive Commercial Liability,Siddharth Verma,Hyderabad,2026-01-13,2027-01-13,2027-01-13,4300000,4300000,77400,77400,50000,1.8,CONSISTENT,none,None
REC-00300,BlueShield Commercial Underwriters,BlueShield Commercial Underwriters,POL-2026-0300,POL-2026-0300,Business Insurance,Tarun Kapoor,Bengaluru,2026-02-04,2027-02-04,2027-02-04,1000000,1000000,26000,26000,10000,2.6,CONSISTENT,none,None
REC-00301,Heritage National Assurance,Heritage National Assurance,POL-2026-0301,POL-2026-0301,Commercial Property Insurance,Amitabh Sengupta,Pune,2026-01-19,2027-01-19,2027-01-19,9500000,9500000,199500,199500,5000,2.1,CONSISTENT,none,None
REC-00302,Falcon Mutual Insurance Ltd.,Falcon Mutual Insurance Ltd.,POL-2026-0302,POL-2026-0302,Business Insurance,Kavita Nair,Ahmedabad,2026-02-03,2027-02-03,2027-02-03,3100000,3100000,80600,80600,25000,2.6,CONSISTENT,none,None
REC-00303,Falcon Mutual Insurance Ltd.,Falcon Mutual Insurance Ltd.,POL-2026-0303,POL-2026-0303,Commercial Property Insurance,Meera Kulkarni,Kolkata,2026-04-01,2027-04-01,2027-04-01,6800000,6800000,170000,170000,10000,2.5,CONSISTENT,none,None
REC-00304,Zenith Premier Insurance Co.,Zenith Premier Insurance Co.,POL-2026-0304,POL-2026-0304,Commercial Property Insurance,Anand Rao,Chennai,2026-03-15,2027-03-15,2026-01-29,3900000,3900000,70200,112320,50000,1.8,NEEDS_REVIEW,multiple_anomalies,Expiry date is earlier than effective date. | Document premium differs from computed schedule rate.
REC-00305,BlueShield Commercial Underwriters,BlueShield Commercial Underwriters,POL-2026-0305,POL-2026-0305,Comprehensive Commercial Liability,Sangeeta Banerjee,Kolkata,2026-04-02,2027-04-02,2027-04-02,2000000,2000000,30000,30000,10000,1.5,CONSISTENT,none,None
REC-00306,StarGuard Indemnity Group,StarGuard Indemnity Group,POL-2026-0306,POL-2026-0306,Commercial Property Insurance,Rohan Gupta,Mumbai,2026-04-26,2027-04-26,2027-04-26,6500000,6500000,149500,149500,25000,2.3,CONSISTENT,none,None
REC-00307,Zenith Premier Insurance Co.,Zenith Premier Insurance Co.,POL-2026-0307,POL-2026-0307,Industrial All-Risk Policy,Vikram Reddy,Kolkata,2026-03-06,2027-03-06,2025-12-09,3300000,3300000,79200,79200,10000,2.4,NEEDS_REVIEW,invalid_expiry_date,Expiry date is earlier than effective date.
REC-00308,Vanguard Life & Asset Assurance,Vanguard Life & Asset Assurance,POL-2026-0308,INVALID#0308-XX,Business Insurance,Sangeeta Banerjee,Pune,2026-02-06,2027-02-06,2027-02-06,1600000,1600000,43200,43200,10000,2.7,NEEDS_REVIEW,policy_number_format_error,Policy identifier format violation: 'INVALID#0308-XX' does not match standard 'POL-YYYY-XXXX' schema.
REC-00309,Falcon Mutual Insurance Ltd.,Falcon Mutual Insurance Ltd.,POL-2026-0309,POL-2026-0309,Commercial Property Insurance,Amitabh Sengupta,Pune,2026-02-06,2027-02-06,2027-02-06,5000000,5000000,120000,120000,15000,2.4,CONSISTENT,none,None
REC-00310,Falcon Mutual Insurance Ltd.,Falcon Mutual Insurance Ltd.,POL-2026-0310,POL-2026-0310,Comprehensive Commercial Liability,Sunita Mehra,New Delhi,2026-04-18,2027-04-18,2027-04-18,3400000,3400000,47600,47600,5000,1.4,CONSISTENT,none,None
REC-00311,Apex General Insurance Corp.,Apex General Insurance Corp.,POL-2026-0311,POL-2026-0311,Business Insurance,Rohan Gupta,New Delhi,2026-01-17,2027-01-17,2027-01-17,4000000,4000000,100000,100000,50000,2.5,CONSISTENT,none,None
REC-00312,BlueShield Commercial Underwriters,BlueShield Commercial Underwriters,POL-2026-0312,POL-2026-0312,Commercial Property Insurance,Vikram Reddy,Hyderabad,2026-03-02,2027-03-02,2027-03-02,2200000,2200000,41800,71060,10000,1.9,NEEDS_REVIEW,premium_mismatch,"Document premium (INR 71,060) contradicts calculated premium (INR 41,800 based on 1.9% of INR 2,200,000)."
REC-00313,Apex General Insurance Corp.,Apex General Insurance Corp.,POL-2026-0313,POL-2026-0313,Comprehensive Commercial Liability,Amitabh Sengupta,Bengaluru,2026-03-10,2027-03-10,2027-03-10,3500000,3500000,45500,45500,10000,1.3,CONSISTENT,none,None
REC-00314,StarGuard Indemnity Group,StarGuard Indemnity Group,POL-2026-0314,POL-2026-0314,Corporate Fleet & Asset Cover,Vikram Reddy,Hyderabad,2026-03-08,2027-03-08,2027-03-08,2900000,2900000,113100,113100,10000,3.9,CONSISTENT,none,None
REC-00315,StarGuard Indemnity Group,StarGuard Indemnity Group,POL-2026-0315,POL-2026-0315,Comprehensive Commercial Liability,Neha Deshmukh,Hyderabad,2026-02-24,2027-02-24,2027-02-24,1500000,1500000,31500,31500,1550000,2.1,NEEDS_REVIEW,invalid_deductible,"Invalid deductible: INR 1,550,000 exceeds entire policy sum insured (INR 1,500,000)."
REC-00316,Falcon Mutual Insurance Ltd.,BlueShield Commercial Underwriters,POL-2026-0316,POL-2026-0316,Commercial Property Insurance,Vikram Reddy,New Delhi,2026-01-16,2027-01-16,2027-01-16,3800000,3800000,79800,79800,5000,2.1,NEEDS_REVIEW,insurer_mismatch,Insurer identity discrepancy: Registered 'Falcon Mutual Insurance Ltd.' vs Document Header 'BlueShield Commercial Underwriters'.
REC-00317,Zenith Premier Insurance Co.,Zenith Premier Insurance Co.,POL-2026-0317,POL-2026-0317,Commercial Property Insurance,,Pune,2026-04-01,2027-04-01,2027-04-01,5300000,5300000,106000,106000,5000,2.0,NEEDS_REVIEW,missing_mandatory_field,Mandatory underwriting field 'Policyholder Name' is missing.
REC-00318,Vanguard Life & Asset Assurance,Vanguard Life & Asset Assurance,POL-2026-0318,POL-2026-0318,Business Insurance,Divya Krishnan,Mumbai,2026-04-15,2027-04-15,2027-04-15,3600000,3600000,126000,72000,25000,9.8,NEEDS_REVIEW,incorrect_premium_rate,Stated premium rate (9.8%) contradicts annual premium calculation.
REC-00319,StarGuard Indemnity Group,StarGuard Indemnity Group,POL-2026-0319,POL-2026-0319,Comprehensive Commercial Liability,Amitabh Sengupta,Bengaluru,2026-04-26,2027-04-26,2027-04-26,5100000,5100000,96900,96900,10000,1.9,CONSISTENT,none,None
REC-00320,Heritage National Assurance,Heritage National Assurance,POL-2026-0320,POL-2026-0320,Corporate Fleet & Asset Cover,Priya Venkatesh,Mumbai,2026-03-01,2027-03-01,2027-03-01,1800000,1800000,61200,61200,5000,3.4,CONSISTENT,none,None
REC-00321,Apex General Insurance Corp.,Apex General Insurance Corp.,POL-2026-0321,POL-2026-0321,Comprehensive Commercial Liability,,Kolkata,2026-02-24,2027-02-24,2027-02-24,1900000,1900000,32300,32300,5000,1.7,NEEDS_REVIEW,missing_mandatory_field,Mandatory underwriting field 'Policyholder Name' is missing.
REC-00322,Pinnacle Mutual Risk Corp.,Pinnacle Mutual Risk Corp.,POL-2026-0322,POL-2026-0322,Business Insurance,Meera Kulkarni,Hyderabad,2026-04-06,2027-04-06,2027-04-06,1300000,1300000,33800,33800,10000,2.6,CONSISTENT,none,None
REC-00323,BlueShield Commercial Underwriters,BlueShield Commercial Underwriters,POL-2026-0323,POL-2026-0323,Personal Scooter Comprehensive,Siddharth Verma,Chennai,2026-03-08,2027-03-08,2027-03-08,1100000,1100000,34100,34100,50000,3.1,NEEDS_REVIEW,inconsistent_policy_type,Policy classification inconsistent with underwriting schedule specifications.
REC-00324,Pinnacle Mutual Risk Corp.,Pinnacle Mutual Risk Corp.,POL-2026-0324,POL-2026-0324,Commercial Property Insurance,Rajesh Sharma,Pune,2026-01-14,2027-01-14,2027-01-14,3100000,3100000,65100,65100,50000,2.1,CONSISTENT,none,None
REC-00325,Pinnacle Mutual Risk Corp.,Pinnacle Mutual Risk Corp.,POL-2026-0325,POL-2026-0325,Commercial Property Insurance,Arjun Patel,Mumbai,2026-02-06,2027-02-06,2027-02-06,5700000,5700000,159600,271320,25000,2.8,NEEDS_REVIEW,premium_mismatch,"Document premium (INR 271,320) contradicts calculated premium (INR 159,600 based on 2.8% of INR 5,700,000)."
REC-00326,StarGuard Indemnity Group,StarGuard Indemnity Group,POL-2026-0326,POL-2026-0326,Corporate Fleet & Asset Cover,Sangeeta Banerjee,Chennai,2026-01-21,2027-01-21,2027-01-21,2500000,2500000,90000,90000,15000,3.6,CONSISTENT,none,None
REC-00327,StarGuard Indemnity Group,StarGuard Indemnity Group,POL-2026-0327,POL-2026-0327,Comprehensive Commercial Liability,Anand Rao,Ahmedabad,2026-01-09,2027-01-09,2027-01-09,4300000,4300000,73100,73100,10000,1.7,CONSISTENT,none,None
REC-00328,Vanguard Life & Asset Assurance,Vanguard Life & Asset Assurance,POL-2026-0328,POL-2026-0328,Industrial All-Risk Policy,Rajesh Sharma,Hyderabad,2026-01-03,2027-01-03,2027-01-03,11500000,11500000,276000,276000,11550000,2.4,NEEDS_REVIEW,invalid_deductible,"Invalid deductible: INR 11,550,000 exceeds entire policy sum insured (INR 11,500,000)."
REC-00329,BlueShield Commercial Underwriters,BlueShield Commercial Underwriters,POL-2026-0329,POL-2026-0329,Industrial All-Risk Policy,Rajesh Sharma,Kolkata,2026-04-18,2027-04-18,2027-04-18,11700000,11700000,351000,351000,25000,3.0,CONSISTENT,none,None
REC-00330,BlueShield Commercial Underwriters,BlueShield Commercial Underwriters,POL-2026-0330,POL-2026-0330,Corporate Fleet & Asset Cover,Neha Deshmukh,Bengaluru,2026-04-28,2027-04-28,2027-04-28,3000000,3000000,93000,93000,50000,3.1,CONSISTENT,none,None
REC-00331,Heritage National Assurance,Heritage National Assurance,POL-2026-0331,POL-2026-0331,Business Insurance,Tarun Kapoor,Hyderabad,2026-02-07,2027-02-07,2027-02-07,2200000,2200000,57200,57200,25000,2.6,CONSISTENT,none,None
REC-00332,Apex General Insurance Corp.,Apex General Insurance Corp.,POL-2026-0332,POL-2026-0332,Corporate Fleet & Asset Cover,Kavita Nair,Hyderabad,2026-03-11,2027-03-11,2027-03-11,3100000,3100000,136400,136400,5000,4.4,CONSISTENT,none,None
REC-00333,Apex General Insurance Corp.,Apex General Insurance Corp.,POL-2026-0333,POL-2026-0333,Corporate Fleet & Asset Cover,Amitabh Sengupta,Pune,2026-03-17,2027-03-17,2027-03-17,2200000,2200000,96800,96800,5000,4.4,CONSISTENT,none,None
REC-00334,StarGuard Indemnity Group,StarGuard Indemnity Group,POL-2026-0334,POL-2026-0334,Business Insurance,Meera Kulkarni,Hyderabad,2026-02-19,2027-02-19,2027-02-19,4700000,4700000,145700,145700,5000,3.1,CONSISTENT,none,None
REC-00335,Apex General Insurance Corp.,Apex General Insurance Corp.,POL-2026-0335,POL-2026-0335,Industrial All-Risk Policy,Arjun Patel,Chennai,2026-03-14,2027-03-14,2026-01-28,6300000,6300000,157500,252000,25000,2.5,NEEDS_REVIEW,multiple_anomalies,Expiry date is earlier than effective date. | Document premium differs from computed schedule rate.
REC-00336,Pinnacle Mutual Risk Corp.,Pinnacle Mutual Risk Corp.,POL-2026-0336,POL-2026-0336,Business Insurance,Anand Rao,Chennai,2026-04-05,2027-04-05,2027-04-05,4900000,4900000,151900,151900,25000,3.1,CONSISTENT,none,None
REC-00337,Falcon Mutual Insurance Ltd.,Falcon Mutual Insurance Ltd.,POL-2026-0337,POL-2026-0337,Corporate Fleet & Asset Cover,Vikram Reddy,New Delhi,2026-01-24,2027-01-24,2025-12-04,2300000,2300000,101200,101200,15000,4.4,NEEDS_REVIEW,invalid_expiry_date,Expiry date is earlier than effective date.
REC-00338,Vanguard Life & Asset Assurance,Vanguard Life & Asset Assurance,POL-2026-0338,POL-2026-0338,Comprehensive Commercial Liability,Siddharth Verma,Ahmedabad,2026-01-28,2027-01-28,2027-01-28,2900000,2900000,37700,37700,25000,1.3,CONSISTENT,none,None
REC-00339,Zenith Premier Insurance Co.,Zenith Premier Insurance Co.,POL-2026-0339,POL-2026-0339,Comprehensive Commercial Liability,Meera Kulkarni,Bengaluru,2026-02-15,2027-02-15,2027-02-15,2800000,2800000,58800,56000,25000,9.8,NEEDS_REVIEW,incorrect_premium_rate,Stated premium rate (9.8%) contradicts annual premium calculation.
REC-00340,Zenith Premier Insurance Co.,Zenith Premier Insurance Co.,POL-2026-0340,POL-2026-0340,Business Insurance,Anand Rao,Bengaluru,2026-03-23,2027-03-23,2027-03-23,4200000,4200000,121800,121800,50000,2.9,CONSISTENT,none,None
REC-00341,Falcon Mutual Insurance Ltd.,Falcon Mutual Insurance Ltd.,POL-2026-0341,POL-2026-0341,Commercial Property Insurance,Kavita Nair,New Delhi,2026-01-08,2027-01-08,2027-01-08,2400000,2400000,55200,55200,15000,2.3,CONSISTENT,none,None
REC-00342,BlueShield Commercial Underwriters,BlueShield Commercial Underwriters,POL-2026-0342,POL-2026-0342,Comprehensive Commercial Liability,,Ahmedabad,2026-04-21,2027-04-21,2027-04-21,2200000,2200000,41800,41800,10000,1.9,NEEDS_REVIEW,missing_mandatory_field,Mandatory underwriting field 'Policyholder Name' is missing.
REC-00343,Pinnacle Mutual Risk Corp.,Pinnacle Mutual Risk Corp.,POL-2026-0343,POL-2026-0343,Industrial All-Risk Policy,Tarun Kapoor,Hyderabad,2026-04-19,2027-04-19,2027-04-19,10000000,10000000,240000,240000,10000,2.4,CONSISTENT,none,None
REC-00344,Vanguard Life & Asset Assurance,StarGuard Indemnity Group,POL-2026-0344,POL-2026-0344,Business Insurance,Neha Deshmukh,Mumbai,2026-04-02,2027-04-02,2027-04-02,2000000,2000000,68000,68000,10000,3.4,NEEDS_REVIEW,insurer_mismatch,Insurer identity discrepancy: Registered 'Vanguard Life & Asset Assurance' vs Document Header 'StarGuard Indemnity Group'.
REC-00345,BlueShield Commercial Underwriters,BlueShield Commercial Underwriters,POL-2026-0345,POL-2026-0345,Commercial Property Insurance,Siddharth Verma,Kolkata,2026-01-28,2027-01-28,2027-01-28,2100000,2100000,48300,48300,10000,2.3,CONSISTENT,none,None
REC-00346,Heritage National Assurance,Heritage National Assurance,POL-2026-0346,POL-2026-0346,Industrial All-Risk Policy,Divya Krishnan,New Delhi,2026-03-20,2027-03-20,2027-03-20,13300000,13300000,412300,412300,15000,3.1,CONSISTENT,none,None
REC-00347,StarGuard Indemnity Group,StarGuard Indemnity Group,POL-2026-0347,POL-2026-0347,Corporate Fleet & Asset Cover,Deepa Joshi,Ahmedabad,2026-03-07,2027-03-07,2026-01-21,2200000,2200000,77000,123200,50000,3.5,NEEDS_REVIEW,multiple_anomalies,Expiry date is earlier than effective date. | Document premium differs from computed schedule rate.
REC-00348,StarGuard Indemnity Group,StarGuard Indemnity Group,POL-2026-0348,POL-2026-0348,Industrial All-Risk Policy,Arjun Patel,Mumbai,2026-03-18,2027-03-18,2027-03-18,11200000,11200000,302400,302400,15000,2.7,CONSISTENT,none,None
REC-00349,Vanguard Life & Asset Assurance,Vanguard Life & Asset Assurance,POL-2026-0349,POL-2026-0349,Business Insurance,Sangeeta Banerjee,Bengaluru,2026-03-09,2027-03-09,2027-03-09,5000000,5000000,140000,140000,15000,2.8,CONSISTENT,none,None
REC-00350,Vanguard Life & Asset Assurance,Vanguard Life & Asset Assurance,POL-2026-0350,POL-2026-0350,Comprehensive Commercial Liability,Kavita Nair,Hyderabad,2026-02-02,2027-02-02,2027-02-02,5300000,5300000,84800,84800,15000,1.6,CONSISTENT,none,None
REC-00351,Heritage National Assurance,Heritage National Assurance,POL-2026-0351,POL-2026-0351,Business Insurance,Sangeeta Banerjee,Chennai,2026-03-14,2027-03-14,2027-03-14,3500000,3500000,101500,101500,5000,2.9,CONSISTENT,none,None
REC-00352,BlueShield Commercial Underwriters,BlueShield Commercial Underwriters,POL-2026-0352,POL-2026-0352,Comprehensive Commercial Liability,Rohan Gupta,Ahmedabad,2026-03-17,2027-03-17,2027-03-17,3400000,3400000,68000,68000,50000,2.0,CONSISTENT,none,None
REC-00353,Heritage National Assurance,Heritage National Assurance,POL-2026-0353,POL-2026-0353,Comprehensive Commercial Liability,Arjun Patel,Ahmedabad,2026-02-24,2027-02-24,2027-02-24,3100000,4650000,58900,58900,50000,1.9,NEEDS_REVIEW,coverage_mismatch,Coverage sum insured discrepancy between policy schedule and schedule of benefits.
REC-00354,Apex General Insurance Corp.,Apex General Insurance Corp.,POL-2026-0354,POL-2026-0354,Commercial Property Insurance,Deepa Joshi,New Delhi,2026-03-14,2027-03-14,2027-03-14,6200000,6200000,136400,136400,50000,2.2,CONSISTENT,none,None
REC-00355,Vanguard Life & Asset Assurance,Vanguard Life & Asset Assurance,POL-2026-0355,POL-2026-0355,Corporate Fleet & Asset Cover,Arjun Patel,Ahmedabad,2026-01-28,2027-01-28,2027-01-28,2800000,2800000,109200,229320,50000,3.9,NEEDS_REVIEW,premium_mismatch,"Document premium (INR 229,320) contradicts calculated premium (INR 109,200 based on 3.9% of INR 2,800,000)."
REC-00356,BlueShield Commercial Underwriters,BlueShield Commercial Underwriters,POL-2026-0356,POL-2026-0356,Industrial All-Risk Policy,Arjun Patel,Kolkata,2026-03-14,2027-03-14,2027-03-14,3600000,3600000,108000,108000,10000,3.0,CONSISTENT,none,None
REC-00357,Heritage National Assurance,Heritage National Assurance,POL-2026-0357,POL-2026-0357,Commercial Property Insurance,Vikram Reddy,Kolkata,2026-04-05,2027-04-05,2027-04-05,6000000,6000000,162000,340200,10000,2.7,NEEDS_REVIEW,premium_mismatch,"Document premium (INR 340,200) contradicts calculated premium (INR 162,000 based on 2.7% of INR 6,000,000)."
REC-00358,Zenith Premier Insurance Co.,Zenith Premier Insurance Co.,POL-2026-0358,POL-2026-0358,Commercial Property Insurance,Vikram Reddy,Mumbai,2026-01-15,2027-01-15,2027-01-15,5500000,5500000,110000,110000,10000,2.0,CONSISTENT,none,None
REC-00359,Heritage National Assurance,Heritage National Assurance,POL-2026-0359,POL-2026-0359,Corporate Fleet & Asset Cover,Priya Venkatesh,Hyderabad,2026-04-21,2027-04-21,2027-04-21,2100000,2100000,75600,75600,25000,3.6,CONSISTENT,none,None
REC-00360,StarGuard Indemnity Group,StarGuard Indemnity Group,POL-2026-0360,POL-2026-0360,Business Insurance,Rajesh Sharma,New Delhi,2026-03-01,2027-03-01,2027-03-01,3000000,3000000,99000,99000,50000,3.3,CONSISTENT,none,None
REC-00361,BlueShield Commercial Underwriters,BlueShield Commercial Underwriters,POL-2026-0361,POL-2026-0361,Business Insurance,Divya Krishnan,New Delhi,2026-02-23,2027-02-23,2027-02-23,3200000,3200000,89600,89600,5000,2.8,CONSISTENT,none,None
REC-00362,StarGuard Indemnity Group,StarGuard Indemnity Group,POL-2026-0362,POL-2026-0362,Industrial All-Risk Policy,Neha Deshmukh,Hyderabad,2026-01-27,2027-01-27,2027-01-27,3500000,3500000,84000,84000,15000,2.4,CONSISTENT,none,None
REC-00363,Pinnacle Mutual Risk Corp.,Pinnacle Mutual Risk Corp.,POL-2026-0363,POL-2026-0363,Industrial All-Risk Policy,Vikram Reddy,Kolkata,2026-02-11,2027-02-11,2027-02-11,14500000,21750000,377000,377000,10000,2.6,NEEDS_REVIEW,coverage_mismatch,Coverage sum insured discrepancy between policy schedule and schedule of benefits.
REC-00364,Falcon Mutual Insurance Ltd.,Falcon Mutual Insurance Ltd.,POL-2026-0364,POL-2026-0364,Commercial Property Insurance,Rohan Gupta,Hyderabad,2026-02-24,2027-02-24,2027-02-24,2200000,2200000,52800,52800,10000,2.4,CONSISTENT,none,None
REC-00365,Apex General Insurance Corp.,Apex General Insurance Corp.,POL-2026-0365,POL-2026-0365,Comprehensive Commercial Liability,Rajesh Sharma,Kolkata,2026-03-25,2027-03-25,2027-03-25,4900000,4900000,88200,88200,50000,1.8,CONSISTENT,none,None
REC-00366,Falcon Mutual Insurance Ltd.,Falcon Mutual Insurance Ltd.,POL-2026-0366,POL-2026-0366,Business Insurance,Divya Krishnan,Mumbai,2026-01-14,2027-01-14,2027-01-14,3800000,3800000,110200,110200,50000,2.9,CONSISTENT,none,None
REC-00367,Vanguard Life & Asset Assurance,Vanguard Life & Asset Assurance,POL-2026-0367,POL-2026-0367,Corporate Fleet & Asset Cover,Sunita Mehra,New Delhi,2026-01-10,2027-01-10,2027-01-10,2100000,2100000,84000,84000,50000,4.0,CONSISTENT,none,None
REC-00368,Vanguard Life & Asset Assurance,Vanguard Life & Asset Assurance,POL-2026-0368,POL-2026-0368,Industrial All-Risk Policy,Sunita Mehra,Kolkata,2026-01-17,2027-01-17,2027-01-17,12200000,12200000,329400,329400,15000,2.7,CONSISTENT,none,None
REC-00369,Apex General Insurance Corp.,Apex General Insurance Corp.,POL-2026-0369,POL-2026-0369,Business Insurance,,New Delhi,2026-02-25,2027-02-25,2027-02-25,2600000,2600000,85800,85800,10000,3.3,NEEDS_REVIEW,missing_mandatory_field,Mandatory underwriting field 'Policyholder Name' is missing.
REC-00370,StarGuard Indemnity Group,Falcon Mutual Insurance Ltd.,POL-2026-0370,POL-2026-0370,Comprehensive Commercial Liability,Anand Rao,Mumbai,2026-04-07,2027-04-07,2027-04-07,5900000,5900000,123900,123900,15000,2.1,NEEDS_REVIEW,insurer_mismatch,Insurer identity discrepancy: Registered 'StarGuard Indemnity Group' vs Document Header 'Falcon Mutual Insurance Ltd.'.
REC-00371,Falcon Mutual Insurance Ltd.,Falcon Mutual Insurance Ltd.,POL-2026-0371,INVALID#0371-XX,Business Insurance,Arjun Patel,Ahmedabad,2026-02-03,2027-02-03,2027-02-03,4200000,4200000,109200,109200,5000,2.6,NEEDS_REVIEW,policy_number_format_error,Policy identifier format violation: 'INVALID#0371-XX' does not match standard 'POL-YYYY-XXXX' schema.
REC-00372,BlueShield Commercial Underwriters,BlueShield Commercial Underwriters,POL-2026-0372,INVALID#0372-XX,Corporate Fleet & Asset Cover,Neha Deshmukh,Chennai,2026-04-02,2027-04-02,2027-04-02,1100000,1100000,46200,46200,5000,4.2,NEEDS_REVIEW,policy_number_format_error,Policy identifier format violation: 'INVALID#0372-XX' does not match standard 'POL-YYYY-XXXX' schema.
REC-00373,Zenith Premier Insurance Co.,Zenith Premier Insurance Co.,POL-2026-0373,POL-2026-0373,Comprehensive Commercial Liability,Meera Kulkarni,Bengaluru,2026-01-28,2027-01-28,2027-01-28,1700000,1700000,20400,20400,10000,1.2,CONSISTENT,none,None
REC-00374,Heritage National Assurance,Heritage National Assurance,POL-2026-0374,POL-2026-0374,Comprehensive Commercial Liability,Deepa Joshi,Ahmedabad,2026-03-24,2027-03-24,2027-03-24,2000000,2000000,32000,32000,15000,1.6,CONSISTENT,none,None
REC-00375,Heritage National Assurance,Heritage National Assurance,POL-2026-0375,POL-2026-0375,Business Insurance,Amitabh Sengupta,Kolkata,2026-04-09,2027-04-09,2027-04-09,3400000,3400000,108800,108800,3450000,3.2,NEEDS_REVIEW,invalid_deductible,"Invalid deductible: INR 3,450,000 exceeds entire policy sum insured (INR 3,400,000)."
REC-00376,Heritage National Assurance,Heritage National Assurance,POL-2026-0376,POL-2026-0376,Business Insurance,Sunita Mehra,Mumbai,2026-02-04,2027-02-04,2027-02-04,3600000,3600000,122400,122400,25000,3.4,CONSISTENT,none,None
REC-00377,Pinnacle Mutual Risk Corp.,Pinnacle Mutual Risk Corp.,POL-2026-0377,POL-2026-0377,Commercial Property Insurance,Amitabh Sengupta,Pune,2026-01-28,2027-01-28,2027-01-28,3600000,3600000,82800,82800,25000,2.3,CONSISTENT,none,None
REC-00378,Apex General Insurance Corp.,Apex General Insurance Corp.,POL-2026-0378,POL-2026-0378,Corporate Fleet & Asset Cover,Tarun Kapoor,Mumbai,2026-01-09,2027-01-09,2027-01-09,2800000,2800000,98000,98000,50000,3.5,CONSISTENT,none,None
REC-00379,BlueShield Commercial Underwriters,BlueShield Commercial Underwriters,POL-2026-0379,POL-2026-0379,Comprehensive Commercial Liability,Arjun Patel,Kolkata,2026-02-16,2027-02-16,2027-02-16,3700000,3700000,70300,70300,25000,1.9,CONSISTENT,none,None
REC-00380,Heritage National Assurance,Heritage National Assurance,POL-2026-0380,POL-2026-0380,Industrial All-Risk Policy,Rajesh Sharma,Mumbai,2026-02-17,2027-02-17,2027-02-17,13800000,13800000,358800,358800,25000,2.6,CONSISTENT,none,None
REC-00381,Heritage National Assurance,Heritage National Assurance,POL-2026-0381,POL-2026-0381,Business Insurance,Sangeeta Banerjee,Pune,2026-02-11,2027-02-11,2027-02-11,2700000,2700000,70200,70200,10000,2.6,CONSISTENT,none,None
REC-00382,StarGuard Indemnity Group,StarGuard Indemnity Group,POL-2026-0382,POL-2026-0382,Corporate Fleet & Asset Cover,Rohan Gupta,Bengaluru,2026-04-15,2027-04-15,2027-04-15,3300000,3300000,128700,66000,5000,9.8,NEEDS_REVIEW,incorrect_premium_rate,Stated premium rate (9.8%) contradicts annual premium calculation.
REC-00383,Pinnacle Mutual Risk Corp.,Pinnacle Mutual Risk Corp.,POL-2026-0383,POL-2026-0383,Comprehensive Commercial Liability,Arjun Patel,Ahmedabad,2026-01-04,2027-01-04,2027-01-04,4000000,4000000,64000,64000,50000,1.6,CONSISTENT,none,None
REC-00384,Falcon Mutual Insurance Ltd.,Falcon Mutual Insurance Ltd.,POL-2026-0384,POL-2026-0384,Business Insurance,Neha Deshmukh,New Delhi,2026-04-11,2027-04-11,2027-04-11,3300000,3300000,108900,108900,10000,3.3,CONSISTENT,none,None
REC-00385,Pinnacle Mutual Risk Corp.,Pinnacle Mutual Risk Corp.,POL-2026-0385,POL-2026-0385,Comprehensive Commercial Liability,Sangeeta Banerjee,Pune,2026-04-04,2027-04-04,2027-04-04,2100000,2100000,42000,42000,10000,2.0,CONSISTENT,none,None
REC-00386,Falcon Mutual Insurance Ltd.,Falcon Mutual Insurance Ltd.,POL-2026-0386,POL-2026-0386,Comprehensive Commercial Liability,Deepa Joshi,Chennai,2026-03-23,2027-03-23,2027-03-23,2100000,2100000,25200,42000,10000,9.8,NEEDS_REVIEW,incorrect_premium_rate,Stated premium rate (9.8%) contradicts annual premium calculation.
REC-00387,Heritage National Assurance,Vanguard Life & Asset Assurance,POL-2026-0387,POL-2026-0387,Corporate Fleet & Asset Cover,Arjun Patel,Chennai,2026-02-07,2027-02-07,2027-02-07,1100000,1100000,48400,48400,25000,4.4,NEEDS_REVIEW,insurer_mismatch,Insurer identity discrepancy: Registered 'Heritage National Assurance' vs Document Header 'Vanguard Life & Asset Assurance'.
REC-00388,BlueShield Commercial Underwriters,BlueShield Commercial Underwriters,POL-2026-0388,POL-2026-0388,Comprehensive Commercial Liability,Arjun Patel,Kolkata,2026-01-21,2027-01-21,2027-01-21,5800000,5800000,104400,104400,25000,1.8,CONSISTENT,none,None
REC-00389,Pinnacle Mutual Risk Corp.,Pinnacle Mutual Risk Corp.,POL-2026-0389,POL-2026-0389,Industrial All-Risk Policy,Sunita Mehra,Ahmedabad,2026-01-17,2027-01-17,2025-12-03,12400000,12400000,260400,416640,25000,2.1,NEEDS_REVIEW,multiple_anomalies,Expiry date is earlier than effective date. | Document premium differs from computed schedule rate.
REC-00390,Pinnacle Mutual Risk Corp.,Pinnacle Mutual Risk Corp.,POL-2026-0390,POL-2026-0390,Industrial All-Risk Policy,Anand Rao,Hyderabad,2026-02-04,2027-02-04,2027-02-04,7900000,7900000,221200,221200,50000,2.8,CONSISTENT,none,None
REC-00391,Zenith Premier Insurance Co.,Zenith Premier Insurance Co.,POL-2026-0391,POL-2026-0391,Industrial All-Risk Policy,Amitabh Sengupta,Kolkata,2026-02-09,2027-02-09,2027-02-09,8000000,8000000,256000,256000,15000,3.2,CONSISTENT,none,None
REC-00392,Pinnacle Mutual Risk Corp.,Pinnacle Mutual Risk Corp.,POL-2026-0392,POL-2026-0392,Commercial Property Insurance,Sunita Mehra,Kolkata,2026-03-27,2027-03-27,2027-03-27,9000000,9000000,243000,243000,50000,2.7,CONSISTENT,none,None
REC-00393,BlueShield Commercial Underwriters,BlueShield Commercial Underwriters,POL-2026-0393,POL-2026-0393,Commercial Property Insurance,Kavita Nair,Chennai,2026-03-22,2027-03-22,2027-03-22,3600000,3600000,100800,100800,10000,2.8,CONSISTENT,none,None
REC-00394,Zenith Premier Insurance Co.,Zenith Premier Insurance Co.,POL-2026-0394,POL-2026-0394,Business Insurance,Deepa Joshi,Ahmedabad,2026-04-22,2027-04-22,2027-04-22,4400000,4400000,123200,123200,25000,2.8,CONSISTENT,none,None
REC-00395,Falcon Mutual Insurance Ltd.,Falcon Mutual Insurance Ltd.,POL-2026-0395,POL-2026-0395,Industrial All-Risk Policy,Arjun Patel,Mumbai,2026-04-05,2027-04-05,2027-04-05,3600000,3600000,100800,100800,10000,2.8,CONSISTENT,none,None
REC-00396,Vanguard Life & Asset Assurance,Vanguard Life & Asset Assurance,POL-2026-0396,POL-2026-0396,Commercial Property Insurance,Neha Deshmukh,Chennai,2026-02-27,2027-02-27,2027-02-27,2700000,2700000,67500,67500,15000,2.5,CONSISTENT,none,None
REC-00397,BlueShield Commercial Underwriters,BlueShield Commercial Underwriters,POL-2026-0397,POL-2026-0397,Industrial All-Risk Policy,Rajesh Sharma,Pune,2026-04-04,2027-04-04,2027-04-04,10800000,10800000,324000,324000,50000,3.0,CONSISTENT,none,None
REC-00398,BlueShield Commercial Underwriters,BlueShield Commercial Underwriters,POL-2026-0398,POL-2026-0398,Industrial All-Risk Policy,Amitabh Sengupta,New Delhi,2026-03-23,2027-03-23,2027-03-23,11500000,11500000,241500,241500,25000,2.1,CONSISTENT,none,None
REC-00399,StarGuard Indemnity Group,Zenith Premier Insurance Co.,POL-2026-0399,POL-2026-0399,Corporate Fleet & Asset Cover,Vikram Reddy,Mumbai,2026-01-24,2027-01-24,2027-01-24,1600000,1600000,52800,52800,25000,3.3,NEEDS_REVIEW,insurer_mismatch,Insurer identity discrepancy: Registered 'StarGuard Indemnity Group' vs Document Header 'Zenith Premier Insurance Co.'.
REC-00400,Zenith Premier Insurance Co.,Zenith Premier Insurance Co.,POL-2026-0400,POL-2026-0400,Industrial All-Risk Policy,Kavita Nair,New Delhi,2026-03-15,2027-03-15,2027-03-15,5200000,3120000,166400,166400,5000,3.2,NEEDS_REVIEW,coverage_mismatch,Coverage sum insured discrepancy between policy schedule and schedule of benefits.
REC-00401,Apex General Insurance Corp.,Apex General Insurance Corp.,POL-2026-0401,INVALID#0401-XX,Corporate Fleet & Asset Cover,Rajesh Sharma,Kolkata,2026-03-18,2027-03-18,2027-03-18,1600000,1600000,51200,51200,50000,3.2,NEEDS_REVIEW,policy_number_format_error,Policy identifier format violation: 'INVALID#0401-XX' does not match standard 'POL-YYYY-XXXX' schema.
REC-00402,Falcon Mutual Insurance Ltd.,Falcon Mutual Insurance Ltd.,POL-2026-0402,POL-2026-0402,Comprehensive Commercial Liability,Tarun Kapoor,Hyderabad,2026-01-05,2027-01-05,2027-01-05,3500000,3500000,63000,63000,50000,1.8,CONSISTENT,none,None
REC-00403,Vanguard Life & Asset Assurance,Vanguard Life & Asset Assurance,POL-2026-0403,POL-2026-0403,Corporate Fleet & Asset Cover,Deepa Joshi,Bengaluru,2026-03-17,2027-03-17,2027-03-17,1500000,1500000,66000,92400,50000,4.4,NEEDS_REVIEW,premium_mismatch,"Document premium (INR 92,400) contradicts calculated premium (INR 66,000 based on 4.4% of INR 1,500,000)."
REC-00404,StarGuard Indemnity Group,StarGuard Indemnity Group,POL-2026-0404,POL-2026-0404,Industrial All-Risk Policy,Amitabh Sengupta,Bengaluru,2026-03-08,2027-03-08,2027-03-08,14300000,14300000,328900,328900,15000,2.3,CONSISTENT,none,None
REC-00405,Zenith Premier Insurance Co.,Zenith Premier Insurance Co.,POL-2026-0405,POL-2026-0405,Comprehensive Commercial Liability,Neha Deshmukh,New Delhi,2026-04-18,2027-04-18,2027-04-18,5600000,5600000,67200,112000,15000,9.8,NEEDS_REVIEW,incorrect_premium_rate,Stated premium rate (9.8%) contradicts annual premium calculation.
REC-00406,BlueShield Commercial Underwriters,BlueShield Commercial Underwriters,POL-2026-0406,POL-2026-0406,Industrial All-Risk Policy,Rohan Gupta,Mumbai,2026-03-13,2027-03-13,2027-03-13,14700000,14700000,441000,441000,14750000,3.0,NEEDS_REVIEW,invalid_deductible,"Invalid deductible: INR 14,750,000 exceeds entire policy sum insured (INR 14,700,000)."
REC-00407,Vanguard Life & Asset Assurance,Vanguard Life & Asset Assurance,POL-2026-0407,POL-2026-0407,Industrial All-Risk Policy,Neha Deshmukh,Mumbai,2026-03-17,2027-03-17,2027-03-17,13200000,13200000,343200,343200,25000,2.6,CONSISTENT,none,None
REC-00408,Falcon Mutual Insurance Ltd.,Falcon Mutual Insurance Ltd.,POL-2026-0408,POL-2026-0408,Comprehensive Commercial Liability,Kavita Nair,Pune,2026-01-04,2027-01-04,2027-01-04,2500000,2500000,55000,55000,50000,2.2,CONSISTENT,none,None
REC-00409,Falcon Mutual Insurance Ltd.,Falcon Mutual Insurance Ltd.,POL-2026-0409,POL-2026-0409,Business Insurance,Kavita Nair,New Delhi,2026-04-27,2027-04-27,2027-04-27,1600000,1600000,43200,60479,25000,2.7,NEEDS_REVIEW,premium_mismatch,"Document premium (INR 60,479) contradicts calculated premium (INR 43,200 based on 2.7% of INR 1,600,000)."
REC-00410,Falcon Mutual Insurance Ltd.,Falcon Mutual Insurance Ltd.,POL-2026-0410,POL-2026-0410,Corporate Fleet & Asset Cover,Vikram Reddy,Mumbai,2026-01-03,2027-01-03,2027-01-03,900000,900000,29700,29700,15000,3.3,CONSISTENT,none,None
REC-00411,Apex General Insurance Corp.,Apex General Insurance Corp.,POL-2026-0411,POL-2026-0411,Industrial All-Risk Policy,Rohan Gupta,Chennai,2026-04-13,2027-04-13,2027-04-13,8700000,8700000,243600,243600,25000,2.8,CONSISTENT,none,None
REC-00412,Zenith Premier Insurance Co.,Zenith Premier Insurance Co.,POL-2026-0412,POL-2026-0412,Business Insurance,Amitabh Sengupta,Bengaluru,2026-01-21,2027-01-21,2027-01-21,4900000,4900000,127400,127400,50000,2.6,CONSISTENT,none,None
REC-00413,Falcon Mutual Insurance Ltd.,Falcon Mutual Insurance Ltd.,POL-2026-0413,POL-2026-0413,Business Insurance,Deepa Joshi,Bengaluru,2026-03-26,2027-03-26,2027-03-26,2900000,2900000,89900,89900,15000,3.1,CONSISTENT,none,None
REC-00414,Pinnacle Mutual Risk Corp.,Pinnacle Mutual Risk Corp.,POL-2026-0414,POL-2026-0414,Corporate Fleet & Asset Cover,Amitabh Sengupta,Mumbai,2026-04-06,2027-04-06,2027-04-06,2500000,2500000,82500,82500,25000,3.3,CONSISTENT,none,None
REC-00415,Vanguard Life & Asset Assurance,Vanguard Life & Asset Assurance,POL-2026-0415,POL-2026-0415,Commercial Property Insurance,Neha Deshmukh,Pune,2026-01-18,2027-01-18,2025-11-13,9100000,9100000,172900,172900,5000,1.9,NEEDS_REVIEW,invalid_expiry_date,Expiry date is earlier than effective date.
REC-00416,StarGuard Indemnity Group,StarGuard Indemnity Group,POL-2026-0416,POL-2026-0416,Industrial All-Risk Policy,Priya Venkatesh,Chennai,2026-02-24,2027-02-24,2027-02-24,12400000,12400000,384400,384400,15000,3.1,CONSISTENT,none,None
REC-00417,BlueShield Commercial Underwriters,BlueShield Commercial Underwriters,POL-2026-0417,POL-2026-0417,Corporate Fleet & Asset Cover,Sunita Mehra,Hyderabad,2026-02-08,2027-02-08,2027-02-08,2700000,2700000,116100,116100,10000,4.3,CONSISTENT,none,None
REC-00418,Apex General Insurance Corp.,Apex General Insurance Corp.,POL-2026-0418,POL-2026-0418,Commercial Property Insurance,Rajesh Sharma,Ahmedabad,2026-01-10,2027-01-10,2027-01-10,2800000,2800000,58800,58800,10000,2.1,CONSISTENT,none,None
REC-00419,Pinnacle Mutual Risk Corp.,Pinnacle Mutual Risk Corp.,POL-2026-0419,POL-2026-0419,Comprehensive Commercial Liability,,Hyderabad,2026-02-04,2027-02-04,2027-02-04,3300000,3300000,59400,59400,10000,1.8,NEEDS_REVIEW,missing_mandatory_field,Mandatory underwriting field 'Policyholder Name' is missing.
REC-00420,Pinnacle Mutual Risk Corp.,Pinnacle Mutual Risk Corp.,POL-2026-0420,POL-2026-0420,Corporate Fleet & Asset Cover,Vikram Reddy,Chennai,2026-02-19,2027-02-19,2027-02-19,2600000,2600000,91000,91000,15000,3.5,CONSISTENT,none,None
REC-00421,StarGuard Indemnity Group,StarGuard Indemnity Group,POL-2026-0421,POL-2026-0421,Commercial Property Insurance,Divya Krishnan,Pune,2026-02-26,2027-02-26,2027-02-26,4800000,4800000,120000,120000,25000,2.5,CONSISTENT,none,None
REC-00422,Vanguard Life & Asset Assurance,Vanguard Life & Asset Assurance,POL-2026-0422,POL-2026-0422,Comprehensive Commercial Liability,Sunita Mehra,Pune,2026-04-15,2027-04-15,2027-04-15,4300000,4300000,68800,86000,15000,9.8,NEEDS_REVIEW,incorrect_premium_rate,Stated premium rate (9.8%) contradicts annual premium calculation.
REC-00423,Apex General Insurance Corp.,Apex General Insurance Corp.,POL-2026-0423,POL-2026-0423,Commercial Property Insurance,Priya Venkatesh,Chennai,2026-02-18,2027-02-18,2027-02-18,4500000,4500000,94500,94500,5000,2.1,CONSISTENT,none,None
REC-00424,Apex General Insurance Corp.,Apex General Insurance Corp.,POL-2026-0424,POL-2026-0424,Business Insurance,Divya Krishnan,Kolkata,2026-02-02,2027-02-02,2027-02-02,4500000,4500000,126000,126000,50000,2.8,CONSISTENT,none,None
REC-00425,Pinnacle Mutual Risk Corp.,Pinnacle Mutual Risk Corp.,POL-2026-0425,POL-2026-0425,Commercial Property Insurance,Deepa Joshi,Kolkata,2026-02-25,2027-02-25,2027-02-25,9500000,14250000,237500,237500,15000,2.5,NEEDS_REVIEW,coverage_mismatch,Coverage sum insured discrepancy between policy schedule and schedule of benefits.
REC-00426,Apex General Insurance Corp.,Apex General Insurance Corp.,POL-2026-0426,POL-2026-0426,Corporate Fleet & Asset Cover,Deepa Joshi,Mumbai,2026-02-28,2027-02-28,2027-02-28,3300000,3300000,148500,148500,10000,4.5,CONSISTENT,none,None
REC-00427,Heritage National Assurance,Heritage National Assurance,POL-2026-0427,POL-2026-0427,Corporate Fleet & Asset Cover,Anand Rao,Hyderabad,2026-02-24,2027-02-24,2027-02-24,3100000,3100000,114700,114700,15000,3.7,CONSISTENT,none,None
REC-00428,Falcon Mutual Insurance Ltd.,Falcon Mutual Insurance Ltd.,POL-2026-0428,POL-2026-0428,Commercial Property Insurance,Sangeeta Banerjee,New Delhi,2026-01-09,2027-01-09,2027-01-09,6700000,6700000,134000,134000,10000,2.0,CONSISTENT,none,None
REC-00429,Zenith Premier Insurance Co.,Zenith Premier Insurance Co.,POL-2026-0429,INVALID#0429-XX,Corporate Fleet & Asset Cover,Sangeeta Banerjee,Ahmedabad,2026-01-02,2027-01-02,2027-01-02,2800000,2800000,98000,98000,50000,3.5,NEEDS_REVIEW,policy_number_format_error,Policy identifier format violation: 'INVALID#0429-XX' does not match standard 'POL-YYYY-XXXX' schema.
REC-00430,Vanguard Life & Asset Assurance,Vanguard Life & Asset Assurance,POL-2026-0430,POL-2026-0430,Industrial All-Risk Policy,Anand Rao,Kolkata,2026-04-12,2027-04-12,2027-04-12,10500000,10500000,294000,294000,5000,2.8,CONSISTENT,none,None
REC-00431,Vanguard Life & Asset Assurance,Vanguard Life & Asset Assurance,POL-2026-0431,POL-2026-0431,Corporate Fleet & Asset Cover,Rohan Gupta,Kolkata,2026-03-27,2027-03-27,2026-02-10,3500000,3500000,122500,196000,25000,3.5,NEEDS_REVIEW,multiple_anomalies,Expiry date is earlier than effective date. | Document premium differs from computed schedule rate.
REC-00432,Falcon Mutual Insurance Ltd.,Heritage National Assurance,POL-2026-0432,POL-2026-0432,Industrial All-Risk Policy,Sunita Mehra,Ahmedabad,2026-02-08,2027-02-08,2027-02-08,3900000,3900000,101400,101400,15000,2.6,NEEDS_REVIEW,insurer_mismatch,Insurer identity discrepancy: Registered 'Falcon Mutual Insurance Ltd.' vs Document Header 'Heritage National Assurance'.
REC-00433,Heritage National Assurance,Heritage National Assurance,POL-2026-0433,POL-2026-0433,Commercial Property Insurance,Deepa Joshi,Bengaluru,2026-02-14,2027-02-14,2027-02-14,6200000,6200000,155000,155000,25000,2.5,CONSISTENT,none,None
REC-00434,Pinnacle Mutual Risk Corp.,Pinnacle Mutual Risk Corp.,POL-2026-0434,POL-2026-0434,Corporate Fleet & Asset Cover,Kavita Nair,Hyderabad,2026-04-01,2027-04-01,2026-02-15,1500000,1500000,46500,74400,50000,3.1,NEEDS_REVIEW,multiple_anomalies,Expiry date is earlier than effective date. | Document premium differs from computed schedule rate.
REC-00435,Heritage National Assurance,Heritage National Assurance,POL-2026-0435,POL-2026-0435,Commercial Property Insurance,Rajesh Sharma,Hyderabad,2026-01-06,2027-01-06,2027-01-06,5300000,5300000,143100,143100,50000,2.7,CONSISTENT,none,None
REC-00436,StarGuard Indemnity Group,StarGuard Indemnity Group,POL-2026-0436,POL-2026-0436,Industrial All-Risk Policy,Divya Krishnan,Chennai,2026-01-07,2027-01-07,2027-01-07,8700000,8700000,234900,234900,25000,2.7,CONSISTENT,none,None
REC-00437,Pinnacle Mutual Risk Corp.,Pinnacle Mutual Risk Corp.,POL-2026-0437,POL-2026-0437,Commercial Property Insurance,Rohan Gupta,Kolkata,2026-02-26,2027-02-26,2027-02-26,9400000,9400000,244400,244400,10000,2.6,CONSISTENT,none,None
REC-00438,Vanguard Life & Asset Assurance,Vanguard Life & Asset Assurance,POL-2026-0438,POL-2026-0438,Commercial Property Insurance,Vikram Reddy,Ahmedabad,2026-01-08,2027-01-08,2027-01-08,6800000,6800000,149600,149600,5000,2.2,CONSISTENT,none,None
REC-00439,Falcon Mutual Insurance Ltd.,Falcon Mutual Insurance Ltd.,POL-2026-0439,POL-2026-0439,Commercial Property Insurance,Meera Kulkarni,Hyderabad,2026-01-06,2027-01-06,2027-01-06,8000000,8000000,216000,216000,50000,2.7,CONSISTENT,none,None
REC-00440,Falcon Mutual Insurance Ltd.,Falcon Mutual Insurance Ltd.,POL-2026-0440,POL-2026-0440,Industrial All-Risk Policy,Arjun Patel,Bengaluru,2026-04-22,2027-04-22,2027-04-22,4600000,4600000,142600,142600,50000,3.1,CONSISTENT,none,None
REC-00441,Falcon Mutual Insurance Ltd.,Falcon Mutual Insurance Ltd.,POL-2026-0441,POL-2026-0441,Corporate Fleet & Asset Cover,Meera Kulkarni,Pune,2026-01-23,2027-01-23,2027-01-23,2400000,2400000,86400,86400,2450000,3.6,NEEDS_REVIEW,invalid_deductible,"Invalid deductible: INR 2,450,000 exceeds entire policy sum insured (INR 2,400,000)."
REC-00442,Zenith Premier Insurance Co.,Zenith Premier Insurance Co.,POL-2026-0442,POL-2026-0442,Industrial All-Risk Policy,Arjun Patel,Kolkata,2026-02-09,2027-02-09,2027-02-09,9100000,9100000,263900,263900,5000,2.9,CONSISTENT,none,None
REC-00443,Vanguard Life & Asset Assurance,Vanguard Life & Asset Assurance,POL-2026-0443,POL-2026-0443,Industrial All-Risk Policy,Meera Kulkarni,Chennai,2026-02-01,2027-02-01,2027-02-01,12000000,12000000,348000,348000,5000,2.9,CONSISTENT,none,None
REC-00444,Apex General Insurance Corp.,Apex General Insurance Corp.,POL-2026-0444,POL-2026-0444,Industrial All-Risk Policy,Divya Krishnan,Kolkata,2026-02-23,2027-02-23,2027-02-23,13200000,13200000,316800,316800,15000,2.4,CONSISTENT,none,None
REC-00445,Apex General Insurance Corp.,Apex General Insurance Corp.,POL-2026-0445,POL-2026-0445,Commercial Property Insurance,Meera Kulkarni,Chennai,2026-03-28,2027-03-28,2026-02-11,8800000,8800000,193600,309760,15000,2.2,NEEDS_REVIEW,multiple_anomalies,Expiry date is earlier than effective date. | Document premium differs from computed schedule rate.
REC-00446,Vanguard Life & Asset Assurance,Vanguard Life & Asset Assurance,POL-2026-0446,POL-2026-0446,Corporate Fleet & Asset Cover,Kavita Nair,Kolkata,2026-04-06,2027-04-06,2027-04-06,1900000,1900000,72200,72200,25000,3.8,CONSISTENT,none,None
REC-00447,Vanguard Life & Asset Assurance,Vanguard Life & Asset Assurance,POL-2026-0447,POL-2026-0447,Comprehensive Commercial Liability,Deepa Joshi,Kolkata,2026-02-28,2027-02-28,2027-02-28,5700000,5700000,74100,114000,10000,9.8,NEEDS_REVIEW,incorrect_premium_rate,Stated premium rate (9.8%) contradicts annual premium calculation.
REC-00448,Heritage National Assurance,Heritage National Assurance,POL-2026-0448,POL-2026-0448,Business Insurance,Kavita Nair,Kolkata,2026-03-26,2027-03-26,2027-03-26,4500000,4500000,139500,139500,5000,3.1,CONSISTENT,none,None
REC-00449,Heritage National Assurance,Heritage National Assurance,POL-2026-0449,INVALID#0449-XX,Corporate Fleet & Asset Cover,Divya Krishnan,Bengaluru,2026-02-16,2027-02-16,2027-02-16,2700000,2700000,99900,99900,5000,3.7,NEEDS_REVIEW,policy_number_format_error,Policy identifier format violation: 'INVALID#0449-XX' does not match standard 'POL-YYYY-XXXX' schema.
REC-00450,BlueShield Commercial Underwriters,BlueShield Commercial Underwriters,POL-2026-0450,POL-2026-0450,Comprehensive Commercial Liability,Priya Venkatesh,Mumbai,2026-04-13,2027-04-13,2026-02-27,5400000,5400000,102600,164160,15000,1.9,NEEDS_REVIEW,multiple_anomalies,Expiry date is earlier than effective date. | Document premium differs from computed schedule rate.
REC-00451,Falcon Mutual Insurance Ltd.,Falcon Mutual Insurance Ltd.,POL-2026-0451,POL-2026-0451,Commercial Property Insurance,Sangeeta Banerjee,Ahmedabad,2026-01-07,2027-01-07,2027-01-07,8600000,8600000,180600,180600,5000,2.1,CONSISTENT,none,None
REC-00452,BlueShield Commercial Underwriters,BlueShield Commercial Underwriters,POL-2026-0452,POL-2026-0452,Industrial All-Risk Policy,Anand Rao,Mumbai,2026-03-08,2027-03-08,2027-03-08,11300000,11300000,226000,384200,10000,2.0,NEEDS_REVIEW,premium_mismatch,"Document premium (INR 384,200) contradicts calculated premium (INR 226,000 based on 2.0% of INR 11,300,000)."
REC-00453,StarGuard Indemnity Group,StarGuard Indemnity Group,POL-2026-0453,POL-2026-0453,Comprehensive Commercial Liability,Amitabh Sengupta,Kolkata,2026-02-17,2027-02-17,2027-02-17,1500000,1500000,28500,28500,5000,1.9,CONSISTENT,none,None
REC-00454,Apex General Insurance Corp.,Apex General Insurance Corp.,POL-2026-0454,POL-2026-0454,Industrial All-Risk Policy,Neha Deshmukh,Pune,2026-03-27,2027-03-27,2027-03-27,6500000,6500000,149500,149500,10000,2.3,CONSISTENT,none,None
REC-00455,Pinnacle Mutual Risk Corp.,Pinnacle Mutual Risk Corp.,POL-2026-0455,POL-2026-0455,Corporate Fleet & Asset Cover,Divya Krishnan,Chennai,2026-02-14,2027-02-14,2027-02-14,2400000,2400000,76800,76800,5000,3.2,CONSISTENT,none,None
REC-00456,Vanguard Life & Asset Assurance,Vanguard Life & Asset Assurance,POL-2026-0456,POL-2026-0456,Comprehensive Commercial Liability,Arjun Patel,Chennai,2026-03-23,2027-03-23,2027-03-23,4300000,4300000,94600,94600,50000,2.2,CONSISTENT,none,None
REC-00457,Pinnacle Mutual Risk Corp.,Pinnacle Mutual Risk Corp.,POL-2026-0457,POL-2026-0457,Commercial Property Insurance,Vikram Reddy,Ahmedabad,2026-04-19,2027-04-19,2027-04-19,2300000,2300000,52900,52900,15000,2.3,CONSISTENT,none,None
REC-00458,Apex General Insurance Corp.,Apex General Insurance Corp.,POL-2026-0458,POL-2026-0458,Corporate Fleet & Asset Cover,Rohan Gupta,New Delhi,2026-03-14,2027-03-14,2027-03-14,1900000,1900000,72200,72200,5000,3.8,CONSISTENT,none,None
REC-00459,Vanguard Life & Asset Assurance,Vanguard Life & Asset Assurance,POL-2026-0459,POL-2026-0459,Commercial Property Insurance,Neha Deshmukh,Bengaluru,2026-04-22,2027-04-22,2027-04-22,6300000,6300000,119700,119700,10000,1.9,CONSISTENT,none,None
REC-00460,Pinnacle Mutual Risk Corp.,Pinnacle Mutual Risk Corp.,POL-2026-0460,POL-2026-0460,Comprehensive Commercial Liability,Deepa Joshi,New Delhi,2026-03-06,2027-03-06,2027-03-06,5800000,5800000,121800,116000,10000,9.8,NEEDS_REVIEW,incorrect_premium_rate,Stated premium rate (9.8%) contradicts annual premium calculation.
REC-00461,BlueShield Commercial Underwriters,BlueShield Commercial Underwriters,POL-2026-0461,POL-2026-0461,Commercial Property Insurance,Rohan Gupta,Chennai,2026-02-08,2027-02-08,2027-02-08,4500000,4500000,117000,117000,50000,2.6,CONSISTENT,none,None
REC-00462,Zenith Premier Insurance Co.,Zenith Premier Insurance Co.,POL-2026-0462,POL-2026-0462,Commercial Property Insurance,Arjun Patel,Bengaluru,2026-01-22,2027-01-22,2025-10-30,8300000,8300000,199200,199200,50000,2.4,NEEDS_REVIEW,invalid_expiry_date,Expiry date is earlier than effective date.
REC-00463,Pinnacle Mutual Risk Corp.,Pinnacle Mutual Risk Corp.,POL-2026-0463,POL-2026-0463,Comprehensive Commercial Liability,Vikram Reddy,Ahmedabad,2026-03-16,2027-03-16,2027-03-16,2600000,2600000,57200,57200,50000,2.2,CONSISTENT,none,None
REC-00464,Vanguard Life & Asset Assurance,Vanguard Life & Asset Assurance,POL-2026-0464,POL-2026-0464,Corporate Fleet & Asset Cover,Rohan Gupta,Hyderabad,2026-01-17,2027-01-17,2025-11-16,3300000,3300000,118800,118800,50000,3.6,NEEDS_REVIEW,invalid_expiry_date,Expiry date is earlier than effective date.
REC-00465,Zenith Premier Insurance Co.,Zenith Premier Insurance Co.,POL-2026-0465,POL-2026-0465,Corporate Fleet & Asset Cover,Anand Rao,Ahmedabad,2026-01-23,2027-01-23,2027-01-23,2400000,2400000,88800,88800,5000,3.7,CONSISTENT,none,None
REC-00466,Falcon Mutual Insurance Ltd.,Falcon Mutual Insurance Ltd.,POL-2026-0466,POL-2026-0466,Commercial Property Insurance,Amitabh Sengupta,Bengaluru,2026-03-12,2027-03-12,2027-03-12,9800000,9800000,264600,264600,10000,2.7,CONSISTENT,none,None
REC-00467,Vanguard Life & Asset Assurance,Vanguard Life & Asset Assurance,POL-2026-0467,POL-2026-0467,Commercial Property Insurance,Siddharth Verma,Ahmedabad,2026-03-12,2027-03-12,2027-03-12,4300000,4300000,98900,98900,10000,2.3,CONSISTENT,none,None
REC-00468,StarGuard Indemnity Group,Pinnacle Mutual Risk Corp.,POL-2026-0468,POL-2026-0468,Comprehensive Commercial Liability,Deepa Joshi,Kolkata,2026-03-15,2027-03-15,2027-03-15,2600000,2600000,46800,46800,50000,1.8,NEEDS_REVIEW,insurer_mismatch,Insurer identity discrepancy: Registered 'StarGuard Indemnity Group' vs Document Header 'Pinnacle Mutual Risk Corp.'.
REC-00469,Apex General Insurance Corp.,Apex General Insurance Corp.,POL-2026-0469,POL-2026-0469,Comprehensive Commercial Liability,Rohan Gupta,Kolkata,2026-04-07,2027-04-07,2027-04-07,2400000,2400000,48000,48000,10000,2.0,CONSISTENT,none,None
REC-00470,Pinnacle Mutual Risk Corp.,Pinnacle Mutual Risk Corp.,POL-2026-0470,POL-2026-0470,Business Insurance,Anand Rao,Kolkata,2026-04-05,2027-04-05,2027-04-05,5000000,5000000,150000,100000,15000,9.8,NEEDS_REVIEW,incorrect_premium_rate,Stated premium rate (9.8%) contradicts annual premium calculation.
REC-00471,Vanguard Life & Asset Assurance,Vanguard Life & Asset Assurance,POL-2026-0471,POL-2026-0471,Comprehensive Commercial Liability,Rajesh Sharma,Kolkata,2026-01-23,2027-01-23,2027-01-23,2500000,2500000,32500,32500,15000,1.3,CONSISTENT,none,None
REC-00472,Pinnacle Mutual Risk Corp.,Pinnacle Mutual Risk Corp.,POL-2026-0472,POL-2026-0472,Business Insurance,,Pune,2026-03-12,2027-03-12,2027-03-12,3300000,3300000,102300,102300,15000,3.1,NEEDS_REVIEW,missing_mandatory_field,Mandatory underwriting field 'Policyholder Name' is missing.
REC-00473,Falcon Mutual Insurance Ltd.,Falcon Mutual Insurance Ltd.,POL-2026-0473,POL-2026-0473,Corporate Fleet & Asset Cover,Arjun Patel,Pune,2026-02-19,2027-02-19,2027-02-19,2600000,2600000,104000,104000,50000,4.0,CONSISTENT,none,None
REC-00474,Heritage National Assurance,Heritage National Assurance,POL-2026-0474,POL-2026-0474,Comprehensive Commercial Liability,Deepa Joshi,Pune,2026-04-25,2027-04-25,2027-04-25,4300000,4300000,90300,90300,25000,2.1,CONSISTENT,none,None
REC-00475,Vanguard Life & Asset Assurance,Vanguard Life & Asset Assurance,POL-2026-0475,POL-2026-0475,Corporate Fleet & Asset Cover,Sunita Mehra,Hyderabad,2026-03-14,2027-03-14,2027-03-14,2800000,2800000,109200,54600,25000,3.9,NEEDS_REVIEW,premium_mismatch,"Document premium (INR 54,600) contradicts calculated premium (INR 109,200 based on 3.9% of INR 2,800,000)."
REC-00476,Heritage National Assurance,Heritage National Assurance,POL-2026-0476,POL-2026-0476,Comprehensive Commercial Liability,Rohan Gupta,Pune,2026-03-21,2027-03-21,2027-03-21,3300000,3300000,62700,62700,50000,1.9,CONSISTENT,none,None
REC-00477,StarGuard Indemnity Group,StarGuard Indemnity Group,POL-2026-0477,POL-2026-0477,Comprehensive Commercial Liability,Tarun Kapoor,Pune,2026-04-14,2027-04-14,2027-04-14,2500000,2500000,35000,35000,5000,1.4,CONSISTENT,none,None
REC-00478,Heritage National Assurance,Heritage National Assurance,POL-2026-0478,POL-2026-0478,Commercial Property Insurance,Siddharth Verma,Bengaluru,2026-02-06,2027-02-06,2027-02-06,7000000,7000000,133000,140000,5000,9.8,NEEDS_REVIEW,incorrect_premium_rate,Stated premium rate (9.8%) contradicts annual premium calculation.
REC-00479,Falcon Mutual Insurance Ltd.,Falcon Mutual Insurance Ltd.,POL-2026-0479,INVALID#0479-XX,Business Insurance,Amitabh Sengupta,Bengaluru,2026-01-09,2027-01-09,2027-01-09,4900000,4900000,132300,132300,25000,2.7,NEEDS_REVIEW,policy_number_format_error,Policy identifier format violation: 'INVALID#0479-XX' does not match standard 'POL-YYYY-XXXX' schema.
REC-00480,BlueShield Commercial Underwriters,BlueShield Commercial Underwriters,POL-2026-0480,POL-2026-0480,Commercial Property Insurance,Neha Deshmukh,Ahmedabad,2026-02-05,2027-02-05,2027-02-05,8700000,8700000,226200,226200,5000,2.6,CONSISTENT,none,None
REC-00481,Falcon Mutual Insurance Ltd.,Falcon Mutual Insurance Ltd.,POL-2026-0481,POL-2026-0481,Comprehensive Commercial Liability,Vikram Reddy,Ahmedabad,2026-04-28,2027-04-28,2027-04-28,4900000,4900000,102900,98000,50000,9.8,NEEDS_REVIEW,incorrect_premium_rate,Stated premium rate (9.8%) contradicts annual premium calculation.
REC-00482,Heritage National Assurance,Heritage National Assurance,POL-2026-0482,POL-2026-0482,Industrial All-Risk Policy,,Ahmedabad,2026-04-17,2027-04-17,2027-04-17,11100000,11100000,310800,310800,15000,2.8,NEEDS_REVIEW,missing_mandatory_field,Mandatory underwriting field 'Policyholder Name' is missing.
REC-00483,Pinnacle Mutual Risk Corp.,Pinnacle Mutual Risk Corp.,POL-2026-0483,POL-2026-0483,Industrial All-Risk Policy,Rohan Gupta,Bengaluru,2026-04-10,2027-04-10,2027-04-10,7600000,7600000,190000,190000,10000,2.5,CONSISTENT,none,None
REC-00484,Vanguard Life & Asset Assurance,Vanguard Life & Asset Assurance,POL-2026-0484,POL-2026-0484,Business Insurance,Divya Krishnan,Hyderabad,2026-03-10,2027-03-10,2027-03-10,4000000,4000000,120000,80000,25000,9.8,NEEDS_REVIEW,incorrect_premium_rate,Stated premium rate (9.8%) contradicts annual premium calculation.
REC-00485,Vanguard Life & Asset Assurance,Vanguard Life & Asset Assurance,POL-2026-0485,POL-2026-0485,Business Insurance,Meera Kulkarni,Chennai,2026-02-26,2027-02-26,2027-02-26,1000000,1000000,30000,30000,10000,3.0,CONSISTENT,none,None
REC-00486,StarGuard Indemnity Group,StarGuard Indemnity Group,POL-2026-0486,POL-2026-0486,Industrial All-Risk Policy,Meera Kulkarni,Kolkata,2026-02-06,2027-02-06,2027-02-06,12100000,12100000,350900,350900,25000,2.9,CONSISTENT,none,None
REC-00487,StarGuard Indemnity Group,StarGuard Indemnity Group,POL-2026-0487,INVALID#0487-XX,Commercial Property Insurance,Siddharth Verma,Bengaluru,2026-04-21,2027-04-21,2027-04-21,5000000,5000000,115000,115000,50000,2.3,NEEDS_REVIEW,policy_number_format_error,Policy identifier format violation: 'INVALID#0487-XX' does not match standard 'POL-YYYY-XXXX' schema.
REC-00488,Vanguard Life & Asset Assurance,Vanguard Life & Asset Assurance,POL-2026-0488,POL-2026-0488,Industrial All-Risk Policy,Siddharth Verma,Kolkata,2026-02-28,2027-02-28,2027-02-28,3800000,3800000,83600,83600,15000,2.2,CONSISTENT,none,None
REC-00489,Apex General Insurance Corp.,Apex General Insurance Corp.,POL-2026-0489,POL-2026-0489,Corporate Fleet & Asset Cover,Tarun Kapoor,Chennai,2026-04-07,2027-04-07,2027-04-07,1800000,1800000,54000,54000,5000,3.0,CONSISTENT,none,None
REC-00490,Falcon Mutual Insurance Ltd.,Falcon Mutual Insurance Ltd.,POL-2026-0490,POL-2026-0490,Commercial Property Insurance,Arjun Patel,Chennai,2026-03-05,2027-03-05,2027-03-05,7600000,7600000,190000,266000,10000,2.5,NEEDS_REVIEW,premium_mismatch,"Document premium (INR 266,000) contradicts calculated premium (INR 190,000 based on 2.5% of INR 7,600,000)."
REC-00491,Falcon Mutual Insurance Ltd.,Falcon Mutual Insurance Ltd.,POL-2026-0491,POL-2026-0491,Corporate Fleet & Asset Cover,Kavita Nair,Pune,2026-04-10,2027-04-10,2027-04-10,3300000,3300000,138600,138600,15000,4.2,CONSISTENT,none,None
REC-00492,Pinnacle Mutual Risk Corp.,Pinnacle Mutual Risk Corp.,POL-2026-0492,POL-2026-0492,Business Insurance,Vikram Reddy,Bengaluru,2026-02-02,2027-02-02,2027-02-02,2700000,2700000,89100,89100,5000,3.3,CONSISTENT,none,None
REC-00493,Pinnacle Mutual Risk Corp.,Pinnacle Mutual Risk Corp.,POL-2026-0493,POL-2026-0493,Commercial Property Insurance,Kavita Nair,Chennai,2026-04-27,2027-04-27,2027-04-27,2100000,2100000,39900,39900,10000,1.9,CONSISTENT,none,None
REC-00494,StarGuard Indemnity Group,StarGuard Indemnity Group,POL-2026-0494,POL-2026-0494,Corporate Fleet & Asset Cover,Rohan Gupta,Mumbai,2026-02-15,2027-02-15,2027-02-15,3100000,3100000,130200,130200,50000,4.2,CONSISTENT,none,None
REC-00495,BlueShield Commercial Underwriters,BlueShield Commercial Underwriters,POL-2026-0495,POL-2026-0495,Corporate Fleet & Asset Cover,Amitabh Sengupta,Chennai,2026-03-06,2027-03-06,2027-03-06,2800000,2800000,114800,114800,50000,4.1,CONSISTENT,none,None
REC-00496,Apex General Insurance Corp.,Apex General Insurance Corp.,POL-2026-0496,POL-2026-0496,Comprehensive Commercial Liability,Sangeeta Banerjee,Chennai,2026-02-12,2027-02-12,2027-02-12,1800000,1800000,37800,52920,10000,2.1,NEEDS_REVIEW,premium_mismatch,"Document premium (INR 52,920) contradicts calculated premium (INR 37,800 based on 2.1% of INR 1,800,000)."
REC-00497,StarGuard Indemnity Group,StarGuard Indemnity Group,POL-2026-0497,POL-2026-0497,Comprehensive Commercial Liability,Divya Krishnan,Hyderabad,2026-03-19,2027-03-19,2027-03-19,2200000,2200000,35200,35200,10000,1.6,CONSISTENT,none,None
REC-00498,Falcon Mutual Insurance Ltd.,Falcon Mutual Insurance Ltd.,POL-2026-0498,POL-2026-0498,Business Insurance,Sangeeta Banerjee,Hyderabad,2026-03-25,2027-03-25,2027-03-25,1500000,1500000,40500,40500,25000,2.7,CONSISTENT,none,None
REC-00499,Apex General Insurance Corp.,Apex General Insurance Corp.,POL-2026-0499,POL-2026-0499,Industrial All-Risk Policy,Vikram Reddy,Mumbai,2026-01-12,2027-01-12,2027-01-12,11200000,11200000,246400,246400,50000,2.2,CONSISTENT,none,None
REC-00500,Apex General Insurance Corp.,Apex General Insurance Corp.,POL-2026-0500,POL-2026-0500,Commercial Property Insurance,Sangeeta Banerjee,New Delhi,2026-03-18,2027-03-18,2027-03-18,6400000,6400000,166400,166400,25000,2.6,CONSISTENT,none,None
REC-00501,BlueShield Commercial Underwriters,BlueShield Commercial Underwriters,POL-2026-0501,POL-2026-0501,Business Insurance,Amitabh Sengupta,Pune,2026-02-09,2027-02-09,2027-02-09,1200000,1200000,36000,36000,25000,3.0,CONSISTENT,none,None
REC-00502,Vanguard Life & Asset Assurance,Vanguard Life & Asset Assurance,POL-2026-0502,INVALID#0502-XX,Industrial All-Risk Policy,Sangeeta Banerjee,New Delhi,2026-02-18,2027-02-18,2027-02-18,7400000,7400000,177600,177600,25000,2.4,NEEDS_REVIEW,policy_number_format_error,Policy identifier format violation: 'INVALID#0502-XX' does not match standard 'POL-YYYY-XXXX' schema.
REC-00503,Heritage National Assurance,Heritage National Assurance,POL-2026-0503,POL-2026-0503,Business Insurance,Sunita Mehra,Ahmedabad,2026-03-27,2027-03-27,2027-03-27,2600000,2600000,78000,78000,25000,3.0,CONSISTENT,none,None
REC-00504,Falcon Mutual Insurance Ltd.,BlueShield Commercial Underwriters,POL-2026-0504,POL-2026-0504,Industrial All-Risk Policy,Amitabh Sengupta,Hyderabad,2026-01-20,2027-01-20,2027-01-20,13900000,13900000,333600,333600,50000,2.4,NEEDS_REVIEW,insurer_mismatch,Insurer identity discrepancy: Registered 'Falcon Mutual Insurance Ltd.' vs Document Header 'BlueShield Commercial Underwriters'.
REC-00505,Apex General Insurance Corp.,Apex General Insurance Corp.,POL-2026-0505,POL-2026-0505,Industrial All-Risk Policy,Amitabh Sengupta,New Delhi,2026-04-25,2027-04-25,2027-04-25,10000000,10000000,220000,220000,15000,2.2,CONSISTENT,none,None
REC-00506,Zenith Premier Insurance Co.,Zenith Premier Insurance Co.,POL-2026-0506,POL-2026-0506,Corporate Fleet & Asset Cover,Vikram Reddy,Bengaluru,2026-01-17,2027-01-17,2027-01-17,2900000,2900000,89900,89900,10000,3.1,CONSISTENT,none,None
REC-00507,Heritage National Assurance,Heritage National Assurance,POL-2026-0507,POL-2026-0507,Business Insurance,Kavita Nair,Bengaluru,2026-04-07,2027-04-07,2027-04-07,1600000,1600000,40000,32000,25000,9.8,NEEDS_REVIEW,incorrect_premium_rate,Stated premium rate (9.8%) contradicts annual premium calculation.
REC-00508,Vanguard Life & Asset Assurance,Vanguard Life & Asset Assurance,POL-2026-0508,POL-2026-0508,Business Insurance,Deepa Joshi,New Delhi,2026-01-01,2027-01-01,2027-01-01,2300000,2300000,73600,46000,5000,9.8,NEEDS_REVIEW,incorrect_premium_rate,Stated premium rate (9.8%) contradicts annual premium calculation.
REC-00509,Falcon Mutual Insurance Ltd.,Falcon Mutual Insurance Ltd.,POL-2026-0509,POL-2026-0509,Comprehensive Commercial Liability,Meera Kulkarni,Pune,2026-01-27,2027-01-27,2027-01-27,5400000,5400000,81000,137700,5000,1.5,NEEDS_REVIEW,premium_mismatch,"Document premium (INR 137,700) contradicts calculated premium (INR 81,000 based on 1.5% of INR 5,400,000)."
REC-00510,Apex General Insurance Corp.,Zenith Premier Insurance Co.,POL-2026-0510,POL-2026-0510,Commercial Property Insurance,Arjun Patel,Bengaluru,2026-02-18,2027-02-18,2027-02-18,6900000,6900000,138000,138000,50000,2.0,NEEDS_REVIEW,insurer_mismatch,Insurer identity discrepancy: Registered 'Apex General Insurance Corp.' vs Document Header 'Zenith Premier Insurance Co.'.
REC-00511,Heritage National Assurance,Heritage National Assurance,POL-2026-0511,POL-2026-0511,Industrial All-Risk Policy,Meera Kulkarni,Bengaluru,2026-03-22,2027-03-22,2027-03-22,8800000,8800000,246400,344960,25000,2.8,NEEDS_REVIEW,premium_mismatch,"Document premium (INR 344,960) contradicts calculated premium (INR 246,400 based on 2.8% of INR 8,800,000)."
REC-00512,Heritage National Assurance,Heritage National Assurance,POL-2026-0512,POL-2026-0512,Industrial All-Risk Policy,Amitabh Sengupta,Pune,2026-02-18,2027-02-18,2027-02-18,10600000,10600000,265000,265000,15000,2.5,CONSISTENT,none,None
REC-00513,Zenith Premier Insurance Co.,Zenith Premier Insurance Co.,POL-2026-0513,POL-2026-0513,Industrial All-Risk Policy,Vikram Reddy,Pune,2026-04-25,2027-04-25,2026-03-11,11100000,11100000,277500,444000,15000,2.5,NEEDS_REVIEW,multiple_anomalies,Expiry date is earlier than effective date. | Document premium differs from computed schedule rate.
REC-00514,BlueShield Commercial Underwriters,BlueShield Commercial Underwriters,POL-2026-0514,POL-2026-0514,Industrial All-Risk Policy,Kavita Nair,Kolkata,2026-03-12,2027-03-12,2025-12-26,8700000,8700000,217500,217500,25000,2.5,NEEDS_REVIEW,invalid_expiry_date,Expiry date is earlier than effective date.
REC-00515,Falcon Mutual Insurance Ltd.,Falcon Mutual Insurance Ltd.,POL-2026-0515,POL-2026-0515,Comprehensive Commercial Liability,,Hyderabad,2026-03-01,2027-03-01,2027-03-01,3400000,3400000,74800,74800,10000,2.2,NEEDS_REVIEW,missing_mandatory_field,Mandatory underwriting field 'Policyholder Name' is missing.
REC-00516,Falcon Mutual Insurance Ltd.,Falcon Mutual Insurance Ltd.,POL-2026-0516,POL-2026-0516,Comprehensive Commercial Liability,Sunita Mehra,Bengaluru,2026-01-15,2027-01-15,2027-01-15,3700000,3700000,51800,51800,15000,1.4,CONSISTENT,none,None
REC-00517,Zenith Premier Insurance Co.,Zenith Premier Insurance Co.,POL-2026-0517,POL-2026-0517,Industrial All-Risk Policy,Rohan Gupta,New Delhi,2026-03-26,2027-03-26,2027-03-26,6800000,6800000,142800,142800,25000,2.1,CONSISTENT,none,None
REC-00518,BlueShield Commercial Underwriters,BlueShield Commercial Underwriters,POL-2026-0518,POL-2026-0518,Business Insurance,Vikram Reddy,Ahmedabad,2026-02-16,2027-02-16,2027-02-16,4600000,4600000,151800,151800,5000,3.3,CONSISTENT,none,None
REC-00519,Vanguard Life & Asset Assurance,Vanguard Life & Asset Assurance,POL-2026-0519,POL-2026-0519,Business Insurance,Amitabh Sengupta,Bengaluru,2026-01-25,2027-01-25,2027-01-25,3100000,3100000,86800,86800,3150000,2.8,NEEDS_REVIEW,invalid_deductible,"Invalid deductible: INR 3,150,000 exceeds entire policy sum insured (INR 3,100,000)."
REC-00520,Apex General Insurance Corp.,Apex General Insurance Corp.,POL-2026-0520,POL-2026-0520,Commercial Property Insurance,Divya Krishnan,Kolkata,2026-01-10,2027-01-10,2025-11-26,8700000,8700000,156600,250560,50000,1.8,NEEDS_REVIEW,multiple_anomalies,Expiry date is earlier than effective date. | Document premium differs from computed schedule rate.
